ICA_00	ICA_01	ICA_02	ICA_03	ICA_04	ICA_05	ICA_06	ICA_07	ICA_08	ICA_09	ICA_10	ICA_11	ICA_12	ICA_13	ICA_14	ICA_15	ICA_16	ICA_17	ICA_18	ICA_19	ICA_20
1.7244484128575381	-0.7244155002879741	-0.21305301751982095	0.3110637384824253	3.3550631607796007	-0.5780513999133011	-1.395042047477097	-2.5991397395275886	0.30399275439503987	-0.15852574522362942	0.6035762988146828	0.27007228598646515	-0.022773804965583243	-1.2725335622291152	1.2571547571388115	-1.2049265091851478	-1.1148270816567465	0.05687856498849003	1.7895185919447387	1.041520818434472	-3.223876365846494
2.5231608058312758	-0.6775892145524461	-2.2746488079794664	-0.41730341274501787	1.8509513386793437	-0.7170849947545652	-1.3230686089145156	-1.1291914079741858	-0.14540815025697465	1.2059224346644475	2.0312734230263514	0.812341310452028	-2.792192246061225	0.07169424753016992	-1.1422369881400734	1.5700291433433275	-0.5888405876737088	0.2870383856746463	1.094280220628462	1.5271755868533217	1.8359717811202312
0.7638230514786896	1.7042063031972527	-1.4325371403329896	-1.526483346550815	2.0015995770701687	1.7814476003761566	0.36215746536524906	0.5696340462685962	-0.8518255706113262	0.4801849309145147	2.0301631177526542	0.37803643137039206	-0.492883870272762	0.9382993561067385	-0.8504392192337572	-0.6663975294822206	0.8557208892074823	0.22184050701202238	0.05123745102707962	0.6918747434346383	0.7209881097047468
-1.1909563830217598	0.4683655382398495	-0.022348511651328905	-0.7241483740915846	1.9015532147388992	1.9215227048218482	0.8500897789162221	0.6703147087624819	-1.8408320044952715	-1.127802499084227	0.7700119683406385	0.6729486660630962	-0.681798400234085	0.4193638803564499	0.29288109468858026	-0.7535657158396327	0.47861604619163806	-0.47302898107514185	0.9006734770181747	0.29117489936069935	-1.0572846780135552
-0.9799293453233191	0.5892735495014634	-0.4973314986202921	0.9019570986867461	2.0986091806178107	1.5055564587285282	0.10671460307664557	-0.6095990822134388	-1.5299963159091834	-1.366864098986327	0.9806956128753282	0.04613872366753453	0.10545564545472487	0.04352424995911283	-0.26549030778861116	1.876415600448097	0.27190791740573517	1.4691520279275219	0.07023559244373913	-0.0015117274220264815	0.7680661072103037
0.756283373572645	0.720935913223082	-0.5273988596767798	1.6334512847222882	2.0682449274301096	1.8280668859625835	0.2416441128232735	-1.206153083100812	-1.2070391153388884	-1.205765625869512	1.0504199073719416	-0.8611376372578504	-0.014422245304393377	0.5176526816453174	0.4036951827514389	-0.4653726574520491	-0.22918835641177246	-1.8301706646206615	-0.25476633128582465	-0.09391702239723532	-0.30682291934219896
1.6838313037034647	0.45147880371873234	5.678953137578534	1.4255093566920758	1.0116054027562207	-0.9711981574224989	-1.2855786454487927	-0.10053081935455534	-2.1999825037831324	-0.05561230956686951	1.3480267583919558	0.5518364855764377	0.8349257861554676	1.4917025115921325	1.8215389423653208	-0.35089053237603973	-1.3125797123628071	-0.10614495697597326	0.4050098243057199	-0.287199066292157	-0.32199472973637855
1.167766623014456	-0.359567212768328	-0.7555171156492225	1.552324766429636	1.0303021538670902	-0.8412473694695433	-1.0472606445222616	0.41015803487806324	0.15273527603339848	-0.1238435922185503	2.506360245485224	-1.7387248834613422	0.5286839479322525	1.1353652818987252	0.264823791688783	-0.454767976628916	-2.5702423340947984	1.0366867792706629	0.5915154290162025	-0.11792617760448179	-0.12851825475388623
0.41811751885162657	-1.1385904247973024	0.4684791709269738	0.04974860129407781	0.3823224180913231	-0.6245115442519046	-1.4485627469113629	0.5396515689752578	-1.1957232312840382	-0.7871403198393081	0.6314664830206963	-0.9289937004385024	-0.13045915399497202	1.2130385791143972	-1.5105785803543386	-1.353886173146866	-2.192868638828323	0.31011143568083793	1.0566904402632062	0.03169507867090012	-1.2457026087191858
1.00423325501255	-0.809971687409806	-0.9863318599191306	-0.8157725331058748	0.05632217203400647	-0.8277816826139035	-2.080493086742075	1.0143233694911116	-0.5838231731107963	-0.4491427125955901	1.5479076751294383	-0.31698519140341325	0.8367450623904641	1.928390965699941	0.5756405007001596	1.6424769406648005	-2.1031720198292647	0.6170108038689255	0.6992954699942061	0.44844056029787954	0.020924314486212715
-0.6439009156545035	0.3179590553811058	-0.28154942233002245	-1.296629524638835	-0.1379166220822221	-0.18248951323739576	-1.6775427731158603	0.9316043173497843	-0.2641217318900082	0.6935292594959325	1.9414534458863173	-1.5157265290327395	-0.4455858865044483	3.009183805934143	-0.6325089246730993	-0.3625852292298557	-2.0830717027473398	-0.15758004940889883	0.29769018214430415	0.5466093160681634	-1.1346828807105194
-2.129587043829498	-1.330911125568511	0.3264360882446758	-1.6278285909749053	0.3325412029195419	0.0353782655046731	-0.5859114746085263	1.0218335184777056	-0.41726722013484435	0.41168417033280075	1.45833300196628	-0.32752758687569283	0.3200493449421888	3.2681707026626383	-0.6565010043937741	-0.8570683058386991	-1.660662357506612	-0.6471895934184002	1.8829251154080888	0.571196647119004	-0.15216680334414945
-2.4983747168851744	-0.5903731009224358	-0.5464022078936371	-0.8545520659689628	0.8924081627255686	-0.8819506402982282	-1.7265669295144108	-0.21839398818733466	-0.6505603471995148	-0.1652955230385992	1.246092779905865	-0.5987417634347623	-0.03734011163383931	2.513163737272461	0.8272236782942234	1.965618704427426	-1.919388429550408	0.6025489204036059	0.7257561255756679	0.7305728766169494	-0.7036835800482434
-2.144592287402915	-1.8868694201117957	1.3317510672421973	-0.1385043614371003	0.441451163767634	-0.4730623181075363	-0.9108521759845177	-1.403541837446798	0.03726094536414338	0.48746851513125616	2.077183131528912	-1.0131217764614215	-1.2192975122992296	0.44607047783537934	-0.6198816334180324	-0.3811261486094088	-3.4296475096048256	-1.946756617629042	1.05840551751925	-0.10199855751828156	0.5249029648313772
1.229753337959574	-1.6272957776578851	-1.9095445543537841	-1.0047383134006158	-0.6738556956632238	0.4174160571428295	-0.48363023649289816	0.290533212976341	-1.652489338376545	0.6713706578499967	1.6080297992921744	0.1810075535756	0.24904562758413237	0.6720814912633317	-1.1451617031814154	-1.1069106030312634	0.055187455995600564	0.5767950502630675	0.7645416136562314	-0.8094840652972697	-0.5730594398751427
-0.9858409972381608	0.30973450968381244	-0.5838063029168862	-0.9637363112529476	-0.17794122694512646	1.372715047110769	-0.35721525437855695	0.9165507686774008	-1.4785248393792543	-0.006210355432497883	2.0566334932882455	-0.34238692796265374	-0.05762857258644255	0.5846095269783645	-0.9979059572627712	1.2928995159584782	0.9229373324704239	1.5891689185256221	0.13012298097980993	-0.9356691959127206	0.14189134837266815
-1.701474501864012	-0.8204425127295766	0.28896103392863254	0.3842828749862162	0.4722360065330173	1.5742449350696262	0.35297616840021945	0.370339695447232	-1.6009519154267058	-0.26935152127690276	1.4477611932374144	-0.0753997950865424	-0.1304233387992241	0.3182297848921637	0.3494430191948056	-0.39088922159367867	1.101431225700291	-1.2498309385281618	0.8289191515198308	-0.8381121051154979	-0.7942643022223165
-0.8233349293527713	0.020787083257948754	0.3015099007750509	1.611365399716738	0.8013638685234437	1.1973301782261052	-0.33127548122649586	-0.5611244775703381	-1.2887610953624122	-0.46471374250778635	1.410727214867296	-0.7948360170771152	0.058741627549410126	-0.4897440024938377	-0.5093106672597958	1.5448572659682078	1.0249004479487154	1.393353633408776	-0.17322481932323003	-1.0288501929590455	-0.2472327716929373
1.1591152559731357	-0.9861577853872844	0.4650378760316035	1.432744420411594	0.13875344746619195	1.2790893307195983	0.025949319836810814	-0.136230169983587	-1.287178675505177	-1.248794795586067	1.2958459890438367	-0.40691723222073395	0.5125737509729431	-0.5930608680710366	-0.02461566948189608	-0.14712834153893112	1.1050688587777198	-1.3746859871570287	0.45510753631817036	-0.5923839441556505	-2.9592025427724615
0.12251068099579548	-1.293942836341269	-0.7407570959940576	0.9710872594750648	-0.3899615413721521	-1.0019060338956243	-1.6496123312909003	1.138780078761839	-0.9725998034702336	-1.2379101007846718	1.8715076346101875	-0.47503493983058936	0.21130899872172038	-0.43667882823577103	0.26039091803731684	2.043679947786398	-2.8235451578448054	0.2967311361503345	0.5454383044200524	-0.22636170941440872	-0.45759453175900244
-0.009814856294690718	-0.5567051904642477	0.6890663019395282	-0.4334069148724153	0.22034225845359875	-0.0882291392747277	-0.632761226669548	1.722626507548105	0.09301299266336442	-0.9810047642918719	2.035426133161402	-1.2152856337955513	0.5088410252990809	0.48081111474632954	-1.7404006002067811	-0.3989108958546185	-1.5299328572867241	-1.1416257869345676	0.7887175838178117	-0.016266866711474055	0.21009981666727626
-0.8723550161117397	-2.0805690174492386	-0.4720318944291085	-1.0499390779152389	0.2626676673835625	-0.43949961463448506	-1.249077385276638	0.46258330871147413	-0.3618260031602052	-0.7398636576282704	1.0096117710143597	-0.34121540240865234	0.6395359244734672	-0.39393247179314966	0.8497475701383886	-1.4735392255819875	-2.1378416081120126	0.2598022340622607	1.1159539651707828	0.2440703793732081	-1.9729237668073838
-0.6119625097900522	-0.8486332926868154	0.7730304535992818	-1.319320491842509	0.15731686466288575	-0.7068104033409061	-1.954033032838426	0.0847626326870508	-0.7294251930845725	-0.32535130781397315	0.7363671728821934	-0.5639919810479685	-0.3672399722771388	0.08779777065617286	-1.6428909073015159	1.6760666492079894	-1.7869946473948213	0.4067021690557105	0.41601337084551576	0.7071054715375557	-0.5144411206370668
-0.5211934971784983	-0.3515757121746242	-0.4488883043367604	-1.0389606954948483	0.2501906736782547	-0.29916495034513424	-1.1430513049748572	-0.18223239557503257	0.5449493869008284	-0.28663560690347584	2.1683900063989943	-1.1812931397267068	0.3763466640137126	-0.05808866761278266	0.38583922452046854	-0.4190826633954848	-1.2595485825779145	1.391805260893225	0.25249220965225355	0.6504386674561972	-0.43888037856023493
-1.1313232374976692	-1.5696986253557288	0.7726426331401763	-0.6176072023393808	-0.09380929128789386	-0.23928486149954303	-0.9494875504680141	-0.8222456694285005	-0.5455771788607002	0.19491375093718324	0.572983298876341	-0.8353951179953824	-0.4317685676317365	-0.4457917765487805	-1.079728913866256	-1.3960497390716888	-1.618499166660803	-0.035138813861271656	1.0440577978448764	0.5669961963967706	-1.7224543093272309
-0.274158396041431	-1.0895070386419399	-0.04906304435471592	-0.1072478962429566	0.21100169320963746	-1.0625462620777442	-1.6403969600915296	-1.231793479671001	-0.22068127926617204	1.3902974832706532	1.2716063933035215	0.08772468212133537	0.40251153522368627	-0.396507923306255	0.6607607968076461	1.8265472525438398	-1.108692526796073	0.6959728035393719	0.545835357148867	0.10777813478029157	-0.02585978667125935
0.2145103261452874	-0.49952259346417655	-1.615038394695724	0.14752907114817274	-0.3861379098586852	-0.21751472657524978	-0.9751834908934385	-1.5260552870658612	0.10407822046465517	2.0513309305622416	1.9521013428995033	-1.306860993813658	-1.6433094904947367	-0.7369678376907906	-1.4535715872874142	-0.37366790371047276	-0.36709794323943296	-0.7414810141427006	-0.06454114013970413	0.3767654428711258	0.6753357811054517
0.93481374270545	-0.87206244371319	-0.21994192589895792	-1.0860755281651142	-0.3812733485105847	1.4144817638047291	0.3000661955705322	-0.20317921846587902	-1.2190124242526659	1.7556299834151992	1.476296427390287	-0.0986799508004282	-0.2527944009339946	0.9736190772250304	-0.25587700379476613	-0.5282575518547072	1.37856707372995	-1.5475229263396573	0.7874529822079298	0.11274936178122537	0.1046243165472342
-1.182394249569578	0.2721125256992981	-0.7064794951010115	-0.32932948619729685	0.13414261641449673	0.8319275503301453	-0.6776668152042632	0.8181163057493139	-2.649948715119536	0.2867575263559278	0.7881091181490327	0.4779553134119519	-0.47321872845289015	0.5261819208412828	0.36772289988503487	-0.029242402971415532	1.2598539618409454	-0.011045254335686415	-0.059662854672670476	-0.7466261292250845	-0.010319866533389165
-2.0335173166962965	0.5373174527533238	0.25287762156011834	1.0721062406446058	0.5175074954207148	1.3363175154450366	0.3097293454580378	-0.00037878134868102407	-1.1563259592881154	-0.7397187158290701	1.650486171733965	-1.021241653997117	0.3795529012910398	-0.37980627778235765	-0.5748526969885384	0.1672464019660125	1.183319555368157	1.4525341634388196	-0.17628667073160853	-0.8062538627867692	0.9963313334481155
-0.23746560155725308	-0.6556254401132607	0.002988862422564277	1.8144673000717306	0.692150180571425	1.7451349262975298	0.6600439308402561	-0.5653449229675815	-1.3967349224395067	-1.147467031161493	0.7124740006054093	-0.6421986661672746	0.3217257148447318	-0.9284049796737596	0.47161301185049925	-0.0901743021929988	1.2509133661124865	-1.658520793339263	0.542555025675693	-0.47590305775514075	-0.41687099384575527
1.1572512409095124	0.20705650377073237	3.644458936294754	1.807703451829435	-0.01693009890421705	-0.5952712673530579	-1.1646066503937431	0.11336339704314036	-1.868100648088759	-0.9396693937778362	1.2013894091545334	0.2321114117487082	0.3008645058731454	-0.6566807346076761	2.809241755200853	1.5662019680509107	0.0632438839699071	-0.20457492817739442	0.11403519933423822	-0.260743835174983	-0.3275608631971729
2.129212623375149	0.3101299655143202	0.49191224262315864	1.0612588616020928	0.08125595533505729	0.23703152872392586	-0.5168385117916224	0.9067730966963641	-0.4323067367214533	-0.07322238601010854	1.2899305911807142	-1.480754661154898	-0.15363959915692021	-0.2220754442418424	-1.6906432142305108	0.3061372913917844	0.32008745397157223	0.18933076579063166	0.13683490389651587	0.03727527556075303	0.035240216607624435
0.9220869299382864	-0.45439104251797047	-0.05039381138701914	-0.10334264565885612	0.8573369209890144	0.46147383012985227	-0.418386603716242	0.446301992590321	0.3121166920018078	-0.19213221525668875	1.2032470305418588	-1.2409262093718487	1.009312248330987	0.7815356775407082	0.550724794102095	-0.4889347345893848	0.7232841018094058	-1.6844386458203795	0.419339670336531	0.22493878018167535	1.3091846850800324
0.36756500726318037	-1.1179619484025973	0.3208911279525148	-0.5102917424803024	0.5618465368883242	0.41932395943376866	-0.7237540577017061	-0.41673343297853055	-0.7253011113536421	-0.2502538242906576	-0.11038028900982064	-1.0660500218479783	-0.16727886564534933	0.9757984634631738	0.8827017432956237	-0.9883873549090576	0.493152257363995	-0.4586488685350121	0.4564097321096149	0.12256940661449188	-1.4917158682469283
0.18817506349680224	-0.5113979775207447	0.1295472055399916	-0.8566965939064811	0.30514744513874875	0.026172060428617576	-1.1255792045095536	-0.5721753699591614	-0.9889158868188244	-0.3523038577008399	-0.1693737674256448	-0.40282279444495595	0.19964892927862105	1.3658479109991601	-1.6195904837016126	1.8636225562014708	0.8917439024789562	0.4688512364314107	0.26505135379612094	0.269885294123023	0.8577895986170884
0.09012515463626737	-0.07458150150703374	-0.17827936338486006	-0.7315179639717431	0.029667142125610373	0.17147113336801809	-0.6626119919346112	-1.188090923905376	0.142553537653682	0.8575176105452097	1.2433609887137702	-1.4485379759592987	0.15441873823869043	0.5708741064175763	1.0769490639114774	0.01881227432195398	0.2788183611543158	1.6282380665275473	-0.14951380963473326	0.803392947903541	-0.44492167700199
-0.2408871471158421	-1.21645467453031	0.9078967676285503	-0.6532835720732306	-0.38295680859937137	0.4286309364666898	-0.17298140995661537	-1.8252598031917147	-0.7682390071146369	1.7998080631371485	-0.13500691880128854	-0.891423395501716	-0.44020770892358435	-0.32700800406347436	-0.6322479088007414	-1.1151629388936282	-0.24344442213945158	0.10227346507343348	0.8611092770162875	0.9198182926691617	-1.5840444561686708
-0.9132838010660134	-1.882071362408671	-0.9371927953389513	0.030491856018036997	-1.626515542169152	-0.8924613471866363	-1.3118415923074525	-2.7516212269348106	-0.31154235506807204	2.008156710155225	1.556676610246714	-0.2848317058491435	0.5444851528099642	-1.3626977515628167	-0.3983500456898979	1.9622180917636902	-1.9698247083283014	0.4104667589118764	0.8121931800784076	0.13337752764239436	3.4024680334409445
0.7728271207926833	0.8885644325764688	-1.080497385060305	-0.8672514214715764	-0.8733798816541284	1.5668277495525291	-0.5447022769749641	-1.3124998653802553	-0.970881766279231	1.481903742491994	1.6666297104217203	-0.8677606111706101	-0.5639659589761546	-0.9642343918615657	-0.11050122317762154	-0.4466088481987309	1.535789223149962	0.3625965616792148	-0.4236114398754588	-0.39078541178307485	0.3122868342692526
-0.6865326534950259	-0.2520294961994259	-0.01568413171433348	-0.6705323430836303	-0.5106374758149923	2.172642162744133	0.3777559458098838	0.556170761779597	-1.6877799958443755	0.6481810032192225	0.771989291776083	-0.06663632313116173	0.14813854982825067	-0.052790832428761286	-0.22153525051428577	-0.7442610221625481	1.600473452201114	-0.8353810330323223	0.8746988059564162	-1.2921586512870415	-0.21979441038636735
-1.4067446465209106	0.298536153552649	0.04439920979814872	0.8600100007011354	-0.13355131131193101	0.9814255431736647	-0.7354658803892664	0.6097831990601976	-2.2108847769438364	-0.4286061478819991	0.6866546758656258	0.1614959673843038	-0.06292212527976526	0.5545602360226821	0.7528809319778045	1.9124068646353274	1.6559201815408318	0.15766907506265498	-0.19438829677228872	-1.2710412441258685	0.4286731116220658
-0.9638125990409048	0.7013610783218783	-0.12941498429301482	1.46394501050449	0.010332915239821853	1.6683681283345144	-0.17925254515676606	0.15936421922538602	-1.0728914717651994	-0.9133699536346739	1.0904692695225575	-1.3171709840187136	-0.006014337229779439	-0.4677212992590699	0.2842869630060472	-0.39908180419678013	1.2239773807380319	-1.9695485466309253	-0.5754167090042797	-1.0203330852574595	0.3682127769976016
-0.19082005743585498	-0.18841847984380788	0.01413583327701831	2.052466355173537	-0.18166533344695315	1.040557353976833	-0.9500530287338681	-0.6111713006766321	-2.1374205723535855	-1.2084823701977623	-0.3014461879544676	0.04624730975432484	0.8549553823985896	-0.5168620584972367	-0.6917202910686767	-0.6177721795592537	1.5243414580215864	0.10871406055656241	-0.20295408117226474	-1.1688319859709975	-0.17307962558487294
1.158573421264656	-0.09698390764668247	-1.1600544878292298	2.0245589591015865	-1.167422790616474	0.6788670485810359	0.1633268714455225	0.248104237424502	-0.30917196459468604	-1.697245828920304	1.240036450632948	-1.4895320003938497	1.0614444284381892	-0.5053365916695713	0.24809876898482583	0.1199255755825482	0.798365446402199	1.2813602682549894	-0.1694249979144686	-0.706533456617931	1.2572691931755013
1.112664923967162	-1.0929340152354288	0.1185430346513889	0.42186005543536204	-1.1226258242361213	0.9227416572308702	0.2966671140800623	0.5973194031622076	-1.3006719602186214	-1.6635963067052622	-0.11438854894265635	-1.2681346398778544	0.05893448725310316	0.35323920663943104	0.721291349396061	-0.720241290147358	-0.03209482772983642	-0.667555722997992	0.29360790817091875	-0.2850239184652832	-0.9728221467706448
0.22010707293651408	-0.3933930333297393	0.3117639540599247	-0.23518175623343635	-0.8730195791030061	1.0442103476570304	-0.17402621893214598	-0.37990458363929785	-0.9195266028466825	-1.4557946455201856	-0.160502403654889	-1.1560556693043995	0.46143201161973496	0.9239932044137468	-0.8434936009683373	1.9388329806469204	0.38206570887153446	1.3691640460426004	-0.4112927903065232	-0.24206373164594044	1.2797066970406776
0.7295786328843331	-1.4309088059616752	-0.34426792663564837	-0.005687471513299764	-1.6172792951362382	0.8717393725167207	0.24420981995565796	-1.1652357126137134	-0.39093552717951857	-0.7507204950457639	0.2579270696477969	-1.4346524956527777	0.6730656423901464	1.0575223075771054	1.0303084441716155	0.030407391918423517	0.819639059594054	-2.0327087949674802	0.054613370545136396	0.27165389241413634	-0.04373426394521006
0.7520791594980143	-0.68844663522932	-0.9566101373673203	-0.2036535200121911	-1.8343119489085598	-0.018084299277133797	-1.1122441712689781	0.11065086590014782	-1.7401101447173561	0.6518505694970963	-0.5663837807518648	-0.9146871738912069	0.15092343441300046	1.6526179245305346	0.3493680654138364	0.23261230364930172	0.2517167818087796	0.01753958327440895	-0.7306135091256735	-0.12428258783336245	-0.6395506440320693
0.5998179889942286	-0.18767778154142462	0.09213131624516382	-0.8854896428521988	-1.5401293004302348	0.8931529424313662	-0.08937205515874759	0.7618545051065622	-0.19995152098270544	1.2545714206618663	0.7462351126926793	-1.3039062819015697	0.5056054078819247	2.3521644833373467	-0.3341701366170285	0.4312114981619634	1.0188356680401096	1.940370131107236	-0.41226322581121555	-0.1979282567996994	0.9641481493723258
-1.2075112776286832	-1.3205249911680383	0.506378859513702	-0.7743586038626475	-1.407170107699633	0.4680865871387108	0.06157310803908207	0.4335794887550425	-0.6742508635108845	1.437614287292202	0.35328365240164566	-0.9524917168062034	-0.2031254184479865	1.804052042568199	1.5332842964770106	-0.38928127395991985	0.6168653715468765	-1.104288947288282	0.17339890319504886	0.06260696125283381	-3.180366780877616
-0.5412670744898352	0.6759273826975261	0.8310380430069404	-0.4879183688643082	-1.0471974613526185	-0.6477825675411726	-1.6959713853745781	0.21132268827446862	-0.7119775333472431	1.5524160547947392	0.2971231518279429	-0.5263840473575003	3.284883458561087	0.6104536459578718	-1.88343044838532	2.1801838693644267	-0.7354409887147195	0.4151788649506019	0.7983621877380765	0.004354486335278265	-1.110375471629051
-0.22486478932216897	1.3772662305366328	-0.9424281503384879	-0.9637506064972993	-1.0951312637273514	0.15500457524115294	-1.3546299261259864	1.1190813222953724	0.4896678712030668	0.4142494899140755	1.1916340600625137	-1.395856336569291	0.5782690754253016	-0.062394542738934175	0.0008867837155260756	-0.7479986003576786	-0.75839819472107	-1.5761090171781094	1.586899971573722	-0.5348379751070689	0.09017596083838517
-1.2886738624984846	1.5199771542368352	-0.5798322603975311	-0.4592494289704572	-1.2640820418794179	-0.20497610853198825	-2.1550028116136035	1.4817884957126746	-0.9112056043400171	-0.7830884960774768	-0.26132409276899976	-0.155127269707038	-0.05891617144142617	-0.33706948251015034	-0.006588771189827808	0.30693376341862033	-0.06791323400270836	-0.05159040741237006	1.6772982794170734	-1.8339965782034575	0.6512458484824629
-0.28417583238473987	2.2802740560594623	-0.05267040662256121	0.5768192235927503	-0.5978648244053197	0.694608862898654	-0.9758599550580457	1.0835044007006671	0.5774119267658102	-0.8959499020754392	0.4212524073807734	-1.4969487125063958	-0.04932968979134675	0.09814136576376807	0.014796434053767949	-0.7609525525223372	0.339998411017338	-0.37162411241643667	1.6848435394970063	-2.364732590970158	1.1970657466109227
0.047930944578357	1.0369292542099748	-0.4373488031722565	0.9764672802666194	-0.787306136675673	0.4136466770951844	-1.2993142589289866	0.8533327111341977	-0.4799435844029328	-1.4513372237754565	-0.9040687680082592	-0.3112448503147898	-0.7452641421134244	0.1979903795992903	0.8354201310848808	-1.49322116258899	0.41916706757882716	0.2608092439043343	2.1969799076326684	-2.2720265699484408	0.261009998854514
-0.059018636872336196	0.3424484627805297	3.369822103509069	0.7164861122232546	-0.523112199560969	-1.0428614495620865	-0.6431488180165355	1.7643338580927546	-0.42022041144550604	-1.294497160640304	1.5081558046409724	-0.9046685004186354	-5.591011857839353	-0.0334015483507346	2.876558531186626	1.397514839388417	-0.28262831440826636	1.4335983273034332	0.4236319620252025	0.1717647283330585	-1.674815882095942
-0.16708950650009294	-1.987557946997677	-0.15172845365612234	0.797927378527938	-0.2708662929749646	-0.638725286975276	0.5740121896076746	1.7889839065381885	0.3506395664203164	-1.373078580753928	1.2654327593583745	-0.8172244299909258	0.8121215290867244	-0.09602700636964326	-2.0961459780834204	0.0012736433098209617	-0.4317357382450467	-1.271028604314266	1.4116114585476394	-0.00391887494454097	0.2121930939422973
-0.6748753804664576	-1.6014918878655762	-0.8679891521101375	-0.1069578387032564	-0.34634778439330527	-1.6446080580183957	-1.1546400731461375	1.3434524058874266	-0.43333272073674095	-1.4402733757330026	0.5911988469573304	0.12224832748507229	0.7406077863986273	-0.8922243353607999	0.7343692506804749	-0.788793116327321	-0.6192469142154086	0.2544116829657867	0.4695248518371561	0.17142967334969014	-0.14938896825460507
-0.10492027082515999	-0.2832890392020399	0.4028086846694665	-0.929736641934247	-0.3408984466541443	-1.0812939434611981	-1.1836720105052798	0.8743740238209742	-0.20617294644788306	-1.0768633223367434	0.6975515015670176	-0.7083442819655315	-0.5817844601133548	-0.4678613004314685	-0.5633425685684503	1.2281961100655976	-0.3293116316128891	1.0331047998232221	0.025961832509053605	0.8232317016570511	-1.352226480860938
-0.31907559040292194	-0.4912515023982351	-0.11187148056130532	-0.926136645620038	-0.0411977042963847	-0.45961320873142336	-0.34595282915319536	0.13493116837235974	0.8891959083984605	-0.20005971561116284	1.2664765563972773	-1.158317878795436	0.313834261238773	0.4855808721066876	-1.940622112158474	-0.6344265407854335	0.15368741247344436	-1.0785600270632525	0.4407459654279269	0.7981001574834107	0.7830005767277697
-0.421260253951755	-1.6543410653894994	-0.30910340740318903	-0.9570986201869603	-0.3220899576008515	-0.5718041836233851	-0.6164378066098221	-0.9207625864819869	0.00762287734414102	0.5660984457912707	0.3412420382839972	0.06807424643700911	0.2913990722097887	0.494826609271383	0.9580533904376038	-1.5135178428880514	0.18052844879393393	0.34411397022736007	1.1060343062564661	0.8006581712374795	-1.0956322506471472
-0.4326626296319008	0.004978231152916181	0.6306642626086907	-1.0962021134052344	-0.0667532251990846	-0.39089275015042935	-0.8325739475625253	-0.8377118324949201	0.14897737436795253	1.2504614850917057	0.8198058447213289	-0.49169132745239397	-0.3146430668566317	0.5081514139478289	-0.5045608036410306	1.6139112115313583	0.6892789184665852	1.7333903140282245	0.2905691829224898	1.179276851720092	-1.0981276245350342
-1.1032461461946599	-0.8385342427088697	0.7041903933245441	-0.8937704876036427	-0.1052620280319255	-0.13316674491526553	0.10742623363898787	-1.6001013249091869	0.7223530427939042	1.268739646056188	1.0456207730086178	-0.15212703435691644	2.99636797334665	-0.06814333517197159	-0.7025304512486515	0.3854992836184385	0.3881852765390891	-1.4366313447397678	2.076351103393059	1.4326335997196051	-0.3952473548482322
-0.5068382565346289	1.306748339499272	-1.401312315774654	-0.8182169816773982	-0.2888935318202832	-0.6937332208639672	-2.084875156094731	-0.2321841325517341	-0.19552876623960785	1.080523560261204	-0.2418746224936428	0.5496840242048829	0.4218682759709573	-0.002251728130185576	0.437844831457915	-0.10709470308949173	0.10050349218156163	0.0726059542800075	2.0664446124854288	0.339077489054724	0.48423014145419885
-1.1183839981237553	2.6652949929937924	0.17367115138541772	-0.600255750301115	-0.2081123692294771	0.37538989841751524	-1.3024483232409747	0.7891352566750474	0.5882700663649435	0.3739225603878517	0.044377243423307136	-0.9199428660241329	-0.6016552473716452	-0.3654787076757094	0.04237629582944413	0.38163676283439407	0.30655067280922665	1.5039604104443145	1.8185492140139112	-2.1837442536732765	0.0918460516253316
-0.8779285159369614	1.2453435566925388	0.5014473100954376	0.6259590201930977	0.2473352750983108	0.9425263710586459	-0.5112089559884266	0.17320747879565743	0.9202630894823866	0.4635190186542863	-0.7027196314186906	-0.6480660085203499	-0.16193342372786484	-0.6491418949011262	0.42099412166505595	-0.06186515006677914	0.331854196628062	-1.5926272351349502	2.8691561993937205	-2.628181994745745	0.5086811796758011
-0.34749933232158575	1.779999588376508	-0.3562975561593598	1.6840674547741736	0.4667378048904194	-0.09584302987829837	-1.918502800067917	-1.2246486647655415	0.11532451936375768	0.26088685500053566	-1.4361105358732893	-0.2969437014858768	-1.0244635040209282	-0.9245595182610661	0.964325194287389	1.7103462626966022	0.2678960354619773	0.13005838211578077	1.7575939733030994	-2.9139503337601393	0.6649489717995816
1.517499890861689	1.312171543760022	0.3698920756741858	2.1273997869809165	0.3875185892758756	0.6189043802403328	-0.9022280603918121	-1.2440526391753524	0.7364506294848794	0.5722183480561682	-1.2670347920291998	-1.5127025897750064	-2.1877352074955283	-0.5144602883138123	-0.6180750297189782	0.3030103482943026	-0.0006721786896725577	-2.047597400541587	1.7607401513456815	-2.5642557784355784	-1.6735750029775984
1.479042563260219	-0.763305118695148	-0.8613375633745115	1.783008281397321	0.3024641407480664	-1.2863727902583475	-1.1731806828011868	0.2087306811592183	-0.046630876264304635	0.2127142033473113	0.25910521596173075	0.2835044369101167	0.7351250086342809	-1.7190751614265976	-0.1638568182726202	1.348445702938723	0.7531697163706738	-0.24561796424943974	1.0839995527322643	0.5024323161378206	1.9145439942632234
0.6662943423491803	0.7092896455337337	-0.46353761244400954	0.12395229007517934	0.7565106450618532	-0.08905454350837404	-0.8435564732275138	1.1088182769842962	0.5910681434482896	0.15750597709392444	0.5509232838532109	-1.4310066611579644	-0.2605188631044814	-1.4050740339867804	0.29573782937834586	-0.5509079185729474	0.8901669586367281	-0.1986707449042504	-0.05536908619853022	0.5482758658592538	-0.26943761318703385
-0.4635515375569161	-0.5902592826611811	0.5076556541640017	-0.2119356978376342	0.6552821808823096	-0.2752952117945444	-1.1608083213440195	-0.18907967183075894	-0.46521939367420034	-0.3757147699696101	-1.1658378114161145	-0.13540402711824676	0.24828235456660036	-0.5564368964772949	-1.5124258384479912	-0.8086345368690067	1.0972329776380965	0.08614001459993795	0.4360846989243452	0.41072395025034264	0.9892214750938285
0.12164867507795757	0.033275544257697603	-0.007380333257167245	-0.058281503691930664	0.3949199113410631	-0.15778984839740365	-0.7327167274573964	-1.0299387280736991	0.9542590139651925	-0.6729025648051588	0.269826019287006	-1.3984344508596274	0.2406651250783327	-0.9260832764731195	1.1212549289701874	-0.04778146281416061	1.1489833414800086	1.397133720393207	-0.3617268582675945	0.9949983404789698	-0.2571582998014503
0.372879177496944	-0.6730887517984584	0.5765132024130228	0.018089978946339742	-0.49156157682232204	-0.6475383253744371	-1.0571045587829957	-1.4488546205639792	-0.6560525024072624	-0.5499446455257864	-1.025171004224304	-0.31747425661748413	-0.3551802432830858	-0.6343501367333558	-0.5684562694958496	-1.4471037197066343	1.101487552703241	-0.06846754249631572	0.09548636063540643	1.2858030242753709	-0.41993208214996225
1.340855420885468	0.03849497398878212	0.2301718954392314	-0.19898933331331586	-0.6600310800938799	-0.0687771224289939	-0.15475590087659338	-1.146470393933755	0.8251709879525541	-0.5164014237481589	0.6544811132275106	-1.014602456298787	0.4501042593119968	-0.42759529599209206	-0.2458128852505773	-0.27295639420215784	1.3851651121151922	0.43238918141099	0.18637876532394676	1.294250339829487	0.7873067209105754
0.8028423012805164	-0.49123251609512875	0.8242677469588584	-0.4833947846377586	-0.624822806405766	-1.5199129838687808	-1.4164330877886357	-1.4181790707896949	-0.7855877696738254	0.08342106136998605	0.08404746958882871	0.2980309043843499	-0.7323968840252072	-0.7228956652486529	1.5222585724748514	0.2730397408232506	0.3931657797307323	-0.18058802001778518	-0.14712455251834855	1.0533688014994296	-1.186175073158475
1.0289860299988542	1.1836130830250335	1.0319130594076151	-0.4394004893809445	-0.6596314548032008	-0.8815812387958544	-0.9007767279934856	-0.5463532316752505	0.7989135160154615	1.620009787735947	1.0577223038049022	-0.987245801405935	2.7045507996228273	-0.8970004034466864	-1.922752390874757	-0.8259888274543521	-0.6482941784059407	-0.5201009064704698	0.669771419223889	0.5869225922650714	-0.01199853922184357
0.5801145582292216	0.6900620715139564	-0.9186358838444423	-0.9283073702971607	-0.7524269364243615	-0.09803803066720476	-1.1008727116470642	0.8448850985507916	0.03588888319653204	0.5163650814767278	-0.5859971198366689	0.2978155946893991	0.29649162676735885	-0.23752228720606106	0.07851845716243756	-1.569499846912146	0.295167732880002	0.3392130986045251	2.2964756644087863	0.10682581143479664	-0.04467023646418263
-1.1357770304537496	2.304075771417728	-0.23784111059476917	-0.5358419371510705	-0.22263673539796147	0.3009926193239658	-1.0468765897928103	1.3198575772180943	0.261768437048019	-0.8021576166859107	-0.38005165319032025	-0.5111721012224468	-0.6181763406808518	-0.14697250112933793	0.1823552539474841	1.407184356058019	0.19305975834138783	1.463322988486828	1.649900499791272	-1.1635335219732281	0.15422386287570536
-0.8990011475129359	1.7767514526574313	0.43984593571569436	0.4254883896500861	-0.19979678908634585	0.7815121183580568	-0.34139343943330047	0.7523807855677284	0.7817910118333228	-1.0911023161662614	-0.5624972588584015	-0.9253204299503419	-0.23274629292486337	-0.09439380401631593	-0.13509610685771037	-0.14936589051994772	0.022408241367867326	-1.72740511402649	2.171198372483866	-1.3582495601406661	0.4993239650505015
-0.45055192392464277	1.6268210352819792	-0.3250129885799938	1.1805211938077778	0.0322893652956403	-0.25936332658887973	-1.7037572474116884	0.14909236129985903	-0.22031935456919868	-0.4824767545556272	-1.444266968809666	0.1067531421083815	-0.5422700922276734	0.06207185494382504	0.9255978740979043	-0.7390529272702038	0.209173556041526	0.2857856626013415	1.7329658805961825	-1.5761216655105885	0.8806676303386017
0.159633618642837	1.2081878824392756	2.7166616849177774	0.9499653908370688	0.08511275389188702	-0.847929733728445	-0.6957222915717143	0.9210921050935407	0.6693143744377332	-0.8087041563131866	0.8155002745450219	-0.9900890810082275	-4.586419514292683	-1.3387260034271296	2.510084897043093	-0.3653141769011789	0.8164502661197008	1.0657938530834563	0.5401900727812053	0.9243142038816915	-0.33696781651997093
1.0476301329830464	-1.1478549675115777	0.2008988924317148	0.810527568852967	0.9411268763842904	-0.4303881484602515	-0.0991276660774813	1.1709872801956567	-0.014219890393678469	-1.3020210467159548	-0.5960863057770405	-0.29435974095157186	-0.20215482429191636	-1.1550702961904713	-2.368704699222808	-1.029355518747012	0.6998253049521512	0.1724486679700269	1.5271730004650304	0.6400998846563485	0.6033541711574542
1.3470175081810463	-0.4691577476088623	-0.26331401158082046	-0.2706523526190034	0.04615830385662781	-1.1555151446011966	-1.0729729637045684	0.8158957010589315	-0.25503309551050785	-0.6266021219382856	-0.21893982676582383	-0.5918973639023514	-0.027795729912472117	-0.2787770645210197	1.3209831474268192	1.9666689520547749	0.451754382332575	0.471137206782023	0.06274444233415186	0.6935763338068726	0.06945728481768024
0.3691488524074505	0.1538431027499229	0.3344648413005576	-0.8006517319487895	0.1813996449163798	0.06277727710780694	-0.6183646026428382	0.40493688216090384	0.39384408329467585	-0.29132996435395897	-0.2232961528306273	-1.7979922380842503	-0.2823223312778816	-0.09675067699205077	-0.5433009476516818	-0.5631075863464665	0.7736998950121866	-2.1428856337813236	-0.3237452527988831	0.711960369132118	-0.2720418149710502
0.491670627421051	-0.6765189094937388	0.12716057922012203	-0.6396673739887327	-0.23014344349916582	-0.48179005478717485	-1.1367356813472351	0.14554644771322095	-0.479954202794019	-0.4970021668477582	-1.0806343988516982	-0.16305426492682615	0.6645450632699327	0.6562091583253301	-0.5084377729888887	-0.25890655827383713	1.3508615296388888	-0.0014096003714509924	0.2230400032405562	0.6413086382630953	1.7688070427937794
-0.034120309185753206	0.5008381416590243	-0.22121731762560395	-0.5853202111991316	-0.384296685604184	-0.19812567366458517	-0.5496103862367924	-0.43159189642976553	0.6825136078372197	-0.3114576969351698	0.2904714436365152	-1.6519211335815769	0.47922568661525283	0.6059648812967994	1.2797128892962815	-0.6478774387159646	1.5415268652183263	-0.10326344880654496	-0.468737200816773	1.2759031906117873	-0.3911818074161918
-0.03945229009605386	0.05123708717870792	0.07113763941578392	-0.7562736561039526	-0.4886861769701535	-0.672397890111025	-1.2717975568439974	-0.2164167978597231	-0.8403411064965144	-0.2768808951081518	-1.1071946103244175	-0.20495923619808276	-0.13575567838193986	1.1543754159421582	-0.6895337643764424	-0.21563665153839234	2.101137382563794	-0.11375530591133505	-0.08364065986604159	1.0950368256234682	-0.4350815338410581
0.25892017086252517	0.32416997821558136	-0.022414572213530503	-0.8328372606693598	-0.9615737341205391	-0.6424250268489919	0.0826485543184245	0.06519461243187064	0.9682713454287868	-0.32663660122274646	1.1059478605102306	-0.8584247126996568	2.1432449091658565	1.492135340714796	-0.6552747391879469	-0.1532246901239144	2.081555342572404	1.162880512161197	0.3457518467878314	1.2049981445907472	0.6144116318739551
-0.4051094704754754	0.6933515288757648	-1.5579048081436235	-1.527362814542595	-1.0234237619031685	0.42925372566308073	-0.5111840580240681	0.9304740805066573	0.25322772476494393	-0.47157709949110654	-0.8789083386994276	-0.18196597667695827	0.6839806477207758	0.47428046275371066	-0.09740743406410025	-1.159116646489967	0.9822798700239608	0.0005568476106192561	2.297541397164704	0.4944315729877365	-1.1456487801921091
-1.2613867574085291	2.4218012983762818	-0.2531061515142946	-0.9771477183223904	-0.681124632904748	0.8139606514897708	-0.5743985822947193	1.3053804399639948	0.42628977216758024	-0.10673110081183354	-0.6947179467853081	-0.22166437434801226	0.30731250147269856	-0.04518395966615418	-0.3471910809531509	1.9099950708608258	0.3627010848005857	1.7772133577968365	1.672365361369756	-1.2315610462081108	0.6640970629927442
-1.207288110714753	1.6098498330512265	-0.25463495024054944	0.3744384896985856	-0.3212000849776192	1.049427677271716	-0.11794444448752132	0.465722821635917	0.3620000670865643	-0.7060504241022334	-1.5035441625247157	-0.15481845158461432	-0.43238525242244147	-0.5716412198556223	1.016960521699961	-0.6540150319403539	-0.3146831914980032	-0.688269423844398	2.3546824313043313	-2.162545259905524	-0.3540691197796444
-0.07167611631890694	2.5260719564420953	0.17272260781484566	1.6151597996259137	-0.017697211477099514	0.79532595205048	-0.756139854476776	-1.0016423401901375	0.8430379795407876	-0.1830153715014419	-1.271094046790724	-1.1075814841290752	-0.7890830923148837	-0.16981416825161452	0.33503245089870776	0.761617815229217	-0.43897732843279663	1.7289968750764337	1.1890746638211847	-2.6009649069275502	0.43006740892816
2.6439246914060175	1.1522451078812541	0.06865068929009605	1.6558803645485716	0.17948837153666763	1.1082464857754795	-0.17939950865653928	-0.43208708323037665	0.4026507426816596	0.8146694986797115	-1.7695996656185518	-0.70861932504192	-2.3741419428461974	1.9524341423524256	-0.09216223212354477	-0.3484029617416097	-0.3780221397198113	-0.9001336578892132	1.827394917378575	-2.051815223964532	-1.6009395214083226
0.46577570284932274	0.5355282721826174	-0.6953440379501779	1.0238471131237403	1.3277891546938916	-0.7681146731756131	-1.2915264612951558	1.5826719893729708	0.2859164732196457	0.611811596909457	-0.0011915045837787685	0.7309022755599717	0.3251183797428268	0.9311305119575859	2.002438787529875	2.005848834621554	1.0813425859992463	0.034214319186696256	0.9610404540813245	0.9966257508725699	1.0377293343904026
-0.9956655880381019	1.3859455899584652	-0.26446767654414305	-0.3641743612340149	1.644935174614511	-0.04124116983829766	-0.4466413662846809	1.5545640988082148	1.1325892846681547	-0.8077642047908866	0.26671011094369007	-0.3091074334828765	-0.39222870516145525	0.03526346859379191	0.47732581897915044	-0.49470735830124835	1.111010409518606	-1.7703153875923485	0.2203548950948353	1.1767861641731303	-0.6339003588947442
-1.617930257881117	0.41564890363033513	0.8024268763744578	-0.36498052204536263	1.492298855820615	0.03597046778827536	-0.6775025440359125	-0.6474517217812309	0.8754515835030583	-1.4479172111464176	-0.9402806653857846	0.4098216743479444	-0.3112170224862392	-0.640209801237155	-1.659361828161683	1.8445861495002207	1.4111490286912594	0.9154534770021435	0.31644987957012777	1.003852816722379	0.26694416665831
0.623907478984592	-0.5426334855716826	0.2375560320756737	-0.3197574206097045	1.0561343587893444	-0.24409146194605483	-0.3174017796732929	-1.2837483005368684	1.06941762501744	-0.8462293123454208	-0.6938913153809037	0.8247388249454258	-0.4857160797778818	-1.249279933626793	0.8615266699868853	-0.564169430070057	1.3089930662894718	-1.4612669654228974	0.5821697630803356	1.2900743929046878	-0.46085667482323545
1.692697427887226	1.1039652435490963	0.31088438132932333	-0.507601875198848	0.6205818050544214	-0.0677623677409145	-0.3381199182954607	-1.2968014526790077	1.102513676247219	-0.40792544894721744	-0.05902146175335407	-0.4950565316045247	-0.7488811002203618	-0.7889504729670858	-0.9675794540663271	-0.7115358792552231	0.6794085725350243	0.21112804183891973	-0.5154400221728916	1.3395886786342777	-0.7211596682411777
1.7543709644559307	-0.25274598322358416	0.18368908284068072	-1.3507178419611543	0.24426189972365306	-0.35329864522020504	-0.4777271977076342	-0.13956655660983813	0.48256891455438	0.5622950906187288	-0.2313366826971104	1.766634587288147	0.06837430454083895	0.7908161597468008	0.5166181758483324	-1.6024293873906215	0.6598886980992649	0.44960361369482693	0.788681508342366	0.9387450869176329	0.7302168923491341
-0.9049619103637114	1.2581812701720787	1.1832266562205367	-1.2885354426238218	0.5792034601476399	-0.42488377218759366	-0.316275267849017	-0.3748345409279804	0.9224467371801859	0.8725601875289645	0.8180131384795595	0.05517208572506202	-1.5036005339972505	0.23769670553292807	0.7508322239681432	-0.5985909787454139	0.5080363303171935	1.0762653820745984	-0.38935567906139873	1.0900545548715974	-1.0380647248566697
-0.33722115516892076	-0.6350434932726421	-1.9326224109307337	-1.271278291846129	0.4238080602328066	1.107501715266433	0.521268678914915	-0.3304650776386081	-0.18200085076054448	0.29354378780582874	-0.4027816918993245	1.7437795647742638	-0.9603345935567973	-0.049254629331868034	-2.507375442387136	-1.2784629738343989	0.3220915462158101	0.5238156978428	0.4162313815647492	0.8107493536386731	2.3303383286930353
0.04381649145519691	1.4947451757511612	-1.389817488106947	-1.2545526815049826	0.5798428578731816	1.9612496321291883	0.796645331755458	0.3713701933965812	-0.8579749504038866	0.2505976518087669	0.034062793955765676	0.7612979832354466	-0.23471509078980973	-9.860778691218368e-05	0.5702870354967051	1.391686657882189	-0.8964344116874986	1.3058139693553166	-0.7857167198796616	0.8256743189190641	0.6512244282714831
-1.5173989115919775	1.280089840514719	-0.7207058173989432	-0.7015705977255862	0.9298250699834636	2.7741536822863573	1.6122405468668468	1.2532566729972807	-0.8572666278270458	-0.2865075567135998	-0.23473277187631514	0.6173186484684449	-0.03469886738693794	-0.1306404473227847	-0.5394521798626429	-0.15530405252435214	-1.8926980083690867	-1.7408551992668473	-0.38214611383332414	0.2763477663561978	1.173191060202554
-1.4033954384221932	0.9079610557806855	-0.14102813443043377	0.7637726244118918	1.2664165501851996	1.5563326382321268	0.5638782059601624	0.027873290064067927	-1.9228968742723627	-0.41306115291985546	-0.9738561623301492	1.303615238097451	-0.1453968091364806	-0.8876270520095131	1.116881704202572	-0.25486982399055896	-2.0095580078818682	0.1946286242306788	-0.8550837477699837	0.12139598035460596	1.5359953282172414
0.1307914236054677	1.5966831883615806	-0.5671208413101472	0.927309520354421	1.5831426202086205	1.9031621566057715	1.1087502235006461	-0.4750805339778717	-0.7066543504715775	-1.0823081254982034	-0.23716711493407353	-0.43618201136819273	0.043415342592508045	-2.11826246233092	0.41682828973776365	-0.6606995650798098	-2.1051308046248507	-1.054252188069247	-1.4147358042986915	0.04699280368931929	0.6139003446637505
1.2956763048718505	0.8939614037256232	5.4154477997719015	1.2367727021034944	0.5485569396702853	-0.4944631504708609	-0.2793240659223276	-0.10402910719631117	-1.546712796584395	-0.9674778974923618	-0.5100761035381638	0.893014066579556	1.4977276487883517	-1.2495462864154647	1.6975936010744965	-1.3270437994799775	-0.20479640846444563	-0.0008325735221581048	-0.09481028273896128	0.39819599556424445	0.6557794176260696
1.2817538052574762	-0.1965746500241143	-0.10317272745668812	1.4229914731939801	0.8821177224109584	-0.4240962580386165	-0.13913765372300907	0.5852003496106563	1.111559654098889	-1.1624709450590007	0.8771289068177566	-0.5253687666257684	1.1545636511722366	-0.7940647938914246	0.7016038229598678	0.3445329456032136	1.041287701317928	1.9538693517690116	0.349848631842921	0.8080477398141253	1.513503377562131
0.7657159002344924	-0.9404305692742447	0.7667942982707132	0.39729883693301693	1.0948278425727374	0.11480815903580617	-0.17732687954307333	-0.13781580620651254	0.6014992600352831	-0.6928255427366404	-0.629989149432422	-0.5382681502205474	-0.1232079812519007	0.5899149135672026	0.8925618153987092	-0.7164787444368867	1.1403804560514699	-0.9326698785355365	0.5902746628048564	1.196430307252406	-0.9807311169183378
0.2745469941821793	-0.4176062591852312	0.7770438584713343	-0.2635422837532198	0.6987121402083601	-0.21881522853004934	-0.7489746067071573	-0.637770622029725	0.36250873041215237	0.6457616839607478	-0.907589377571253	-0.30067178410600676	-0.010265134953966805	1.1179768819285927	-1.2296882010328252	2.143197960834432	1.2047670282108727	0.876250926562866	-0.063414577130241	0.8721328575510241	0.7375979687342054
0.3008392960080162	0.13813892792486698	-0.6943020753726257	-0.2975283662815177	-0.24706830865289534	-0.3576446948983075	-0.4568290663908777	-0.8702671919090647	1.1871185896715937	1.5049869945137075	0.375796319907628	-1.028792034971123	0.25164852676429655	-0.3177444924868344	0.8496419128709111	-0.6425019121882752	0.9071621422822497	-0.6483523380485497	-0.7563743741440551	1.0080888260586762	-0.48634789808289264
-0.42062893491484943	-0.5762582029503623	0.6929111143029166	-0.5260320474550798	-0.7219436227674243	-0.5985293095853362	-0.7233355594951891	-0.6151382887594269	-0.3825790150030648	1.6125874720241873	-0.9471919159067231	0.529622941116315	-0.4967947576690839	-0.11906113075258394	-0.8565799406248529	-1.5731988411769053	0.8787859216119789	0.32626438530979956	-0.07149961039789104	0.8602955459545172	-0.006549089878907424
-0.12147780280506594	-0.005506536786205607	-0.15824173344550008	-0.29853855181730743	-0.7137645310835338	-0.16771326665128777	-0.061534889566680046	-0.9196418116907543	1.2517734676570003	1.8379617973962619	0.5990675884040916	-0.45495613023446296	0.6101771092251032	0.08966468040188862	0.5090211552012162	-0.36275054161986603	0.8120840111583691	1.6745277854400875	-0.4567189571264641	0.5447383780597791	0.28386647385180824
-1.4056746426097464	-1.4835491963016911	-0.322527746566368	0.3064909442550029	-1.8042660707705926	-1.0674061185714099	-0.8368742875394113	-1.8504395296016976	-0.2696931359584956	1.9109735279423188	-0.38025893723893617	0.40385997078510893	-0.8041054309926889	-0.2464843558053605	-0.3511795483650743	-1.485111563652632	0.3624124795851929	0.04894333556736012	-0.1231556091660934	0.20471687972902744	1.4525230825548547
1.2620800722539551	0.003067478760400181	-1.8287685289075464	-0.5605920165681818	-1.3409327662962938	0.9412531371600286	1.133819896714443	-0.5056069779613261	-0.3314128838256819	1.7770559495070504	0.6421026747816474	-0.4232840557382097	0.12978738598501172	0.5993287682807484	-1.060159772684923	0.03205609796411825	0.6497309967163871	1.7111442976218485	-0.9756258647462309	0.08144756523812295	1.585072844269936
-0.5056519188141204	-0.08478646638682198	-0.11212771446647146	-1.0316382863237923	-0.6185912231117784	1.4831252453675752	1.802156402083049	1.208895738624107	-1.5027851808974337	1.2464068526310166	0.047518045331307976	0.5713628165982632	-0.2733917194070526	0.9677636010633579	1.1052085238668006	-0.7673361159706806	0.2750519610290554	-0.825426046886882	-0.11970038779117631	0.2903894845617369	-0.5366825760092012
-2.6741824107611563	0.8151277062119004	-0.43944752391205466	0.29836338925781536	0.10173096533333485	1.4468007684259256	1.6266805143367131	0.9732204637883969	-0.9328584140265055	-0.06402585124869492	0.34049743217131695	-0.40096886357101535	0.5699338805500247	-0.16300760607223408	-0.5948625282562295	0.6676372203233575	-0.003664757544315337	1.564023127998908	-0.7863485819661183	0.3137830298403685	1.0026285554879821
-1.3203454003807586	-0.39400116683453873	-0.33707230043138325	1.3857486731605624	0.0047086098181799915	0.5401060737343492	0.6451395688692314	-0.2462407320860997	-1.7108046063823876	-0.49907250005170145	-0.7671700333177344	0.5787851721138088	0.3682643294633562	-1.4481881691707148	0.9808029979530464	-0.5719916180855696	-0.21598638405194226	-0.0913090074510825	-0.856839326713682	0.5997792267331854	0.767232917730126
0.7116086208916863	0.6243797351983238	-0.5882291573114238	1.6467720442489937	0.13323661144985363	1.1045829373672402	0.6993824782919478	-0.15055036299448843	-0.6180183875658152	0.6001381001265005	-0.13700518599211703	-0.999938610174661	0.9047967007921345	-2.201087630483321	-0.13852690030292344	-0.15919727501551173	-0.11473879335373355	-0.19101823299980666	-1.7350680558526925	0.32955305885437164	-1.4195896395266066
1.790966527549506	-1.1218509877691036	-0.2806110103119885	0.31927596986725354	-0.7290576531815087	0.89757767688762	0.9115320058180217	2.1784770301638163	0.09352432239758984	0.6242762985135069	-0.5537155728440496	0.4956178207218477	1.043818305944739	-1.6500474903888709	0.3501611453516747	-0.42784270884805264	0.43639201723995696	-0.3187255192368385	0.6351382975115667	0.8058554496737917	0.11780558110609214
-0.19100632629115025	0.23696788914636893	0.801420219424944	-0.6134676327267099	-0.35756054659372505	-0.11356336478868513	-0.7082445239725268	1.679448121449901	-0.7857218615005076	0.5935323350965315	-0.9389103579658317	0.004208600962210719	-0.19788421338196702	-1.111522557372015	0.5993051100140584	1.6529369974402321	0.3878952362680513	0.11343676726277152	-0.7826378130313789	1.282537816852048	-0.8033635586047047
-0.9310728681039387	-0.12952970393079685	0.11859462485465744	-0.8686095438467134	0.225635080696586	0.3763448086455855	-0.07990690653055471	0.9875806844915613	1.3838072772910013	0.9086538826256946	0.47996130814119287	-0.38814415724335954	0.8469658763621126	-0.2673083297422119	0.581602658278709	-0.42955837762355137	1.1045698842383715	0.13035770541995206	-0.5230945373452199	1.09244877761339	0.8251867284793999
-0.7249518380069682	-0.3891066518595518	0.188197562464271	-0.4228454895885816	0.67406394083587	0.17000075172626936	-1.0733036805583505	-0.25724982101096083	-0.38185463281397736	1.044942059715655	-1.8141697838309432	0.13423190789536923	-0.14909931839990925	-0.6518356479881129	-0.35373067360860855	-0.8469621186353963	0.8451548193913249	0.1778901595361879	-0.6698972989298766	1.009712754492635	-0.7562214031134282
-0.14769205002856275	-0.2037169721034123	0.7978315636254721	-0.3703337135911837	0.7029139720111534	0.26156274903580534	-0.25669119109213595	-0.2611974498229037	1.4953506075527574	1.477218805485509	0.052660038547864774	-0.1335123054676352	0.4715575021313793	-0.9865136809261523	0.8086124899217977	0.5400424795187942	1.2779094608354924	1.8774561870995334	-0.513599418911967	0.8165127013869793	0.8334847365461557
-0.36962478055764475	-0.9524022010696926	0.7495888862735444	-0.18474796570447313	0.5375796683697815	0.5712491553706667	0.02580870913058239	-1.4088869868982796	0.32442079715282646	1.08015799871054	-1.4455456053418798	-0.18637534832728883	-0.3125593012602762	-1.4611144529193598	-0.19660777425649137	-1.0869387263656445	0.7762697204067059	-0.25478500679094174	0.005537874057854265	1.0650728257743634	-1.5802370805138377
0.9114297536773835	-0.2679969123739676	0.04259482168742948	-0.39198374594867247	0.5540402583531029	0.07844978451284185	-0.7135471683795428	-0.6775845660030226	0.7943950579245759	0.9095426120739221	-0.44450177907073074	1.150804497274769	-0.030929901328411214	-0.30578441459005673	0.7390378249094078	1.9697048926913014	1.0703626269977882	0.8458111929205125	-0.4734231946396234	0.5649195142272667	0.35157328186391984
0.18817998696769767	-1.350700322769644	1.3215815347216857	-0.34745161763625204	0.052722885764437934	0.47618231202587435	0.9766549728334516	-1.1618356652816548	0.12772455069193928	1.5842932403332721	-0.09466448340128729	-0.13885385746690193	-2.9538710647295563	-0.9088981462085814	-0.5506239559112203	-0.11083160567203816	0.9480768108450186	-1.9068584067879744	-0.31662669248676295	0.6752677800319278	0.19285444129100293
0.4597794151273702	-0.4306075170623281	-1.0406700907107913	-0.5103059992838886	0.4742541420962576	0.41233646149455516	0.4099208265722598	0.7348846753015573	-1.605492073439068	1.9312211459744597	-0.8556180271956401	0.41748643621343084	0.6117444338439081	-1.3310481953110564	-0.9876937956279228	0.09426790942721987	0.8357501047061346	0.3888876535371047	-0.8047846978973732	-0.19178023936080446	1.0779762424196764
-0.41235448560384785	0.7075039294113504	-0.5450589107264817	0.09241054529571462	0.7690932240134613	1.252526542034753	1.2021978980098356	1.1368775296231333	-0.8695898065698244	1.2176867403692972	0.1313234060985573	-0.40384765960802665	0.03827520027394826	-1.7849739497079313	0.4494866904748837	1.0987772092710018	0.33479867418882	1.6130548084388059	-1.0991139162832626	0.2553978526412501	0.49732005428440135
-1.654834034914335	-0.4007576328842525	0.18497257853773	1.1548847536294804	1.120471991463555	1.219875182320871	0.9715356412477543	0.04948285118911129	-1.4949101860003864	0.13308683895078638	-1.1436041407588997	0.36100246528990587	0.34021447446948233	-1.2465437305717932	-0.14022736838013372	-1.082491992993123	-0.373765493591658	-0.1762635200351824	-0.6019435638739837	0.4386174395317494	1.0725520910033532
-0.12643878008973794	0.24888979433327532	-0.3996739506101402	2.0610872387314587	1.040509668013677	1.0876341202504614	1.058773075713389	-0.7414211967432173	-0.4489004167809281	-0.309757419593994	-0.23020370989562178	-1.2257025039226954	0.3462103523017281	-1.3817766153332256	0.5790604893750799	-0.09290571410605278	-0.5111299398187571	1.2718220150625892	-1.5410897844758733	0.4167076635942272	0.517366467267242
1.263503128164628	-0.4357845597892752	1.1932614514912998	1.9953207217049795	0.8091309868043176	0.22806041179960887	0.2958801201125965	0.05176889789502439	-1.17267611332481	-0.016349737005513974	-1.3709650887080982	0.04617103832890277	1.427391696233471	-1.7472112125686834	1.177088124093083	-1.6272332374228362	-0.6636481674171621	0.14054749785107606	-0.49781906869453985	0.5674330654860954	0.6059683803665777
2.5420488330319713	0.52529673892744	-0.11651462052735825	0.8635304983240977	1.280717587483627	1.4773372657700987	0.44950132226068323	0.9853628852470223	0.5945055175362056	-0.012642673968122168	-1.0340314521828458	-0.4155923760802078	1.1978188265755019	-0.33468522341861173	-0.5879833279160844	1.1928516341547495	-0.5881009666884225	1.8813405455266272	-0.5506825216852453	0.4316166278656847	1.396683430947649
0.48267068811271313	0.5352385441451823	-0.2580592809987403	-0.1350635496540118	1.3638505117136002	1.3491683873475724	0.1844015870448657	0.6331160939386206	0.6804115590664979	0.2556933528621099	-1.1999983917361945	-0.6679234891560131	0.08292189385490686	0.15725006910490505	1.5148002013223978	-0.15696490466232188	-0.6689398820700819	-1.7029755184868862	-1.1758826318084845	0.8087268099962021	0.18262712535077202
-0.36319770572590654	-0.2885457655863386	0.29290061715875537	-0.6838313499143581	1.2863351780940238	1.0326758886942695	-0.0777195920117961	0.22418461644264556	-0.2235682178356175	0.3946149379947439	-2.4753280850443646	0.7197865038341504	0.47545923578403115	0.1884932675184459	-0.6689904642150151	-0.2460250816272733	-1.0571262214216706	0.22848293481768717	-0.7262161398015795	0.3623936848287674	1.6701788288024553
0.6183515275282501	0.3224411309961869	-0.6895680403620534	-1.1336799417862486	0.4603464165033108	0.9063826218374427	0.085787300229065	-0.18902131708731712	0.6131677948146951	-0.1719796733415625	-1.3154535832047525	-0.12172129633647928	0.03384504501110445	-0.6986543123889254	1.5165580772217373	1.6751957457250162	-0.7921294352060758	1.3244687649126115	-1.326613949217893	0.9815712485212749	-0.1665079919468649
0.18452429799929942	0.35407388858448485	0.4905589380072315	-1.646111966519649	-0.05074573310672925	1.5172430177315446	0.9847383180793892	-0.00951035780876016	0.6918658105948136	-0.44251693990829183	-1.2434522149657328	0.1378947740636672	-0.11708179822382885	-0.4548996542110863	-0.9480568761484621	0.013828164302427491	-1.266931016193825	-1.9863546129107281	-0.7238484871475849	1.077270170020078	0.374157438405589
0.14035270441654057	-0.08446037361577997	-0.7372498882302461	-1.3231216363329896	-0.10904397414150638	0.6894979060916937	0.2893582111446203	-0.4668768889369291	-0.08421429495020408	-0.7051016179992966	-1.5822822461496442	1.7422076991463589	-0.07956835990991169	-0.28924102016355524	1.299074406514756	-0.842334411844874	-1.2101253503652218	0.3144905297869703	-0.5833298139435779	0.9373194247361327	0.6231729765142324
-0.8788408741347629	0.11628614064579577	1.2053338714512034	-0.30428111617693854	-1.4561858762527669	-0.21569565391869502	0.7327564590239798	-2.32659218728126	0.4849336708901419	0.16659893874659215	0.11232264332947112	-0.4831999559124465	-1.1103120419023855	-0.9844830537190659	-0.31865930543166293	-0.32849506203793993	-0.43620856529824936	-1.0845099534382294	-1.2525201987355459	0.48745872490798015	0.9667724832895869
0.8036982326872996	-1.842809534710315	-1.078733868952931	-0.28617176846050973	-1.5786883890977312	0.2698374614218328	1.5229556313639943	-0.6194041281095578	-1.2042557986688651	0.816832949347455	-0.40959729292908464	0.3127642949234249	-0.029334226899635808	-0.913017372132324	-0.287260613979068	-1.2351612329840498	-0.10544336436657448	0.3129348525658594	-0.5922100415875982	-0.6439423143631134	-0.11427099041027815
-0.2741986265329143	0.10883293667375975	-0.23448014952408058	-0.22146219898540373	-1.0250836686572293	0.3953071462003428	1.797934286011242	0.43826553337400925	-0.7771735091229238	0.14500401030158558	0.6908535046883014	-0.733878501389657	0.30354783906552374	-0.6613859299558553	-0.5022065988339972	-0.1521755403411168	0.23025673368655322	1.0490972327762438	-1.2048354535760077	-0.3697076409279759	0.7669137006693693
-0.9253439641424938	-0.5591583665979022	-0.0026442265524973404	0.6361326793057278	-0.9331015026797889	-0.45882742425351764	1.0295283758846274	0.7226545196677749	-1.9175492327981687	-0.7182654499852433	-0.17115379971691633	0.4296403639701884	0.0993380557972614	-0.01120088624469265	0.6039647815084338	-0.08052065021093754	0.3838900124220392	0.21755895295585548	-0.867888995036192	-0.44313265564025733	1.130985286617462
-0.6535052123054234	-0.2978605501818586	0.09511573307502193	1.6758273085728725	-0.46803848419327665	0.24068871039883463	1.837609130447722	-0.09647411936346952	-0.9560125708384445	-0.5246432974434322	0.15337570314691104	-1.2638442502528873	0.06363728659052358	0.7129804066478637	0.5701071376157278	-0.25687485279718064	-0.050087835328587064	-1.6067551691242132	-1.010834619551433	-0.1577335277473206	-0.07870882531513618
-0.09756084569456451	-0.7531832703538064	-0.7041991080849013	2.0206650853024946	-0.48081771918490995	-0.29875883023504735	0.8635334669071529	-0.09624128179337542	-1.4481338707575029	-0.0469470437590221	-0.5538288583115667	-0.6672511852418909	1.2744078535280332	1.126926026605801	-0.3292973121115279	1.917702895638781	0.8069652039316202	0.5578580549724816	-0.992828597325183	-0.3881113620507712	0.471727195231703
1.3234330252276163	-0.2493195365262093	-0.6954759610930186	1.2623867623466818	-0.8020272101006863	0.48482071322752435	1.8855116363511912	0.8729774897035648	-0.07680703666687291	-0.5739144079529129	-0.29429498928194214	-0.6371640915847585	1.1655313430490446	1.397813377796249	1.6699364463181723	0.1576322545734945	-0.27715451769450533	-1.7349141895674511	-0.12828171795346366	0.7203040105271596	1.1790869635642953
0.447399913090951	0.43588902058028633	-0.5295742074589885	-0.10180748181561135	-0.271957796592863	-0.1294213805952531	0.2880720278750843	1.5936773494897964	-1.3350966722592112	-0.9362683724082042	-1.5005082851773106	0.1734789808312802	-0.02128129023888436	0.9736874366090144	1.045669848737268	0.3810761193723769	-0.43372406572236916	-0.04551288244936553	-1.1082713044912211	0.9666536417279817	-0.2843293612360322
0.1461099050708125	0.4372706202181802	-0.1927897306550673	-0.9441302121551338	0.289359860871865	0.9192646254023055	1.2268724687927843	0.6925391536417989	0.603956338337459	-0.36969674556111887	-0.7325035507729852	-0.9140555602247186	0.6254688106687736	1.5218872128430254	-1.1125317469819587	-0.1228338200127125	-0.6690955698234132	0.12206606720395653	-0.9615239773711153	0.7549759642186133	1.7795893789027695
0.19101167582305092	-0.7356186496465146	-0.7573501006547514	-0.805155374666208	0.07062605293950708	0.2020680201877468	0.5934424203244	-0.5407076932787228	-0.30327542331071994	0.6404797099460566	-1.8673680990710049	0.6533430159580722	0.329680357217434	1.4287289953867486	1.8547800158864054	-1.2883126812028314	-0.747266444204295	0.1821885000668995	-0.7545442283693162	0.7880561220891185	-0.05414118431321507
-0.012206494312810335	0.8321711500771298	0.35270312490223765	-0.7977003583227498	0.36241915851838885	0.8387348392391993	0.9436485090110032	-0.8216505735606467	0.6067535647700967	1.3883890607895786	-1.2237156209783768	-0.6777183368926034	-0.16178510314854203	0.20342838646193454	-0.9542537133527069	0.012037401741901781	-1.228623405435257	0.7174638027494372	-1.553670762844413	0.7063326123850482	0.3082626882933476
1.093563857696943	-0.9003982257814935	-0.12304956080283548	-0.7831122011842265	-0.1532717349224793	0.21056883455849737	1.0591095578931085	-1.4577755858708386	0.10596049678696393	1.5854484665592965	-1.6460543174021935	1.189354316062125	0.29393952925932776	-0.2890308735637325	1.292923899140872	-1.116281537324491	-1.177511505784811	0.09533999535224731	-0.44122420638750326	0.538573294291519	1.4251117297944997
0.7272069960147701	0.5690187395946024	0.4098303372716093	-0.6412725806076288	-0.2166230994648094	0.0531973868678536	1.1231130635903357	-1.8173967702876161	0.26029148299733285	2.7901139955578587	-0.968778709241191	-0.131008612238863	-0.8585178800978083	-0.02624719016737701	1.300733526889586	1.3044640502332747	-1.2876093347512862	1.5699605767534168	-1.6033185176592866	0.43989043913768905	-0.5634074139476942
2.06157326701441	0.8009004376548949	3.590809677418335	-1.2919630879775146	-0.7730420582664036	-0.34750064652301543	1.665101876435754	-0.8064423999985214	0.238298533187032	3.398491227002163	-0.4401121157845989	0.7644846573008431	0.8678509527051502	0.4809997221238734	-0.5864013007175071	-0.25153845169494976	-0.9099565087257134	-1.7734984270133478	0.5034331913662945	0.6864949453476895	-0.40197764959328947
0.03095466198502529	1.6044779184594036	-1.7243458208317413	-0.9516480237731775	-1.4840295473837721	-1.0279907401886743	0.3639117924270748	0.5112911083530567	-0.5628579330000577	0.9258941949613233	-0.8998578512262576	1.1218403860325112	0.22496900199884506	0.4419570593276413	0.10412360734903477	1.4189249456377773	0.22009077501329494	0.23624290855099445	0.2457966577226464	1.0565045810812064	0.4581866465261812
-1.5608522299285756	2.637502159627327	-0.2596662852913644	-0.228948517373229	-1.7706087764039284	-0.4121961836759703	1.1567386813759837	1.3824183492718234	0.19647331518264938	-1.0472671379109957	-0.08389519331277463	-0.32853359059736365	-0.5314190599204767	-0.24313489329717397	-0.03605160805275916	-0.06205541220033314	-0.07037248088463818	-0.003496643533952937	0.06679750910469502	1.2189736890420944	0.18242682734152477
-1.2246339995160174	0.6128717170069027	0.05582831537084836	0.5259960887592585	-1.465453818350533	-0.21428973662100512	1.8797787113857016	1.005439518435305	0.15622254273427813	-1.4523503975172039	-0.8963224839105179	0.1883234864131825	-0.315246188806945	-0.7438351420235659	0.7718719016727015	-0.13501898121123435	-0.19851922147712775	-1.1320470451985338	1.1807280417810455	1.5020219309451803	-0.45314468251428064
-0.5588824429758318	1.0886021719648338	0.08368698376154855	1.3496722791852147	-1.4652479757439916	-1.1762806544183477	0.5636934022392133	0.23941015672596622	-0.4657206242813958	-0.42301815030908296	-1.68212513172218	-0.19420069359885728	-0.11754213807867227	-2.6238989511833113	-0.21060329646345455	1.9534214084804797	-0.8883832404173033	0.24922018351479627	0.06374389908419634	1.0678570137982	-0.1351416246020444
0.9797276564686558	0.09805578755201473	-0.3730028249664253	0.8241330171632897	-0.7779511646976235	-1.397960610511288	1.799283377208596	1.1295207299503272	0.8171397497397626	-0.7793740360476654	0.4383720194970381	-0.666541645911966	-2.471390516269621	-2.7839674363623343	1.9863369364412604	-0.310471942824352	-0.1432960819394485	-0.7152063965983106	-0.6701951576496459	0.48882241616466965	0.6581449342052726
1.1558165994699023	-0.4653661374942796	0.43531045174219213	0.5448154866430959	0.6809853164456545	-1.0002306700124324	1.2694192372673143	1.1871965494337875	-0.6382165412231483	-0.9006599953853197	-1.5674901084723005	0.3177089429471594	-0.6318761095260504	-2.2540563686091772	-0.981920877932567	-1.0056553823659526	-0.520514351605957	0.3804227452390798	-0.658995531340148	0.37165933520239725	-0.9929071529175769
1.5513667428217957	-0.9397423629203546	-0.23449296854097998	-0.9096782724843857	0.9986057592118478	-1.1589407459291419	1.1954611385651306	0.5954859874050353	0.4301663904576762	-0.33263817338126805	-0.8259250048792509	0.6305555889632275	0.2443879154645743	-1.1452015561981346	0.5286314128953201	1.9943625018312658	-0.49088087836592903	0.9506893683266525	-0.8907524372070788	-0.7736605758538028	1.645425840894825
0.07169653583302497	-0.24694357515969717	0.31840462445118145	-1.0166056737308389	1.2317374599468194	-0.7700014036689171	1.4055048956574452	-1.116715193763109	0.8611920424800521	-0.41205826054672906	-0.8435056549657891	-0.799311892933978	-0.3232351731702841	-1.4365919263767455	0.9178611958974536	-0.1894464440210068	-1.020031679575386	-1.478424974451126	-1.9327413381732557	-0.7146874151755389	-0.3182093181883836
0.9082775075426577	-1.3337908048334364	0.35461420710560126	-1.0878315965412444	1.0518544251139699	-1.0289970904489103	1.1562723278394997	-1.6987088907021692	0.08785750630120535	-0.9246587623176641	-1.6906657577979496	0.9381531282150979	0.11325079668922955	0.1266350356581192	-1.0828854380995678	-0.33407166234731867	-0.5911273541669	0.19457627885252668	-1.106367408066435	-1.3281793679746612	1.763801952533938
0.8381655610744506	-0.3023126105138611	-0.22528907729249525	-0.47042365247612433	1.0986279504950893	-0.8756663414823261	1.3996781443215836	-2.216361914288339	1.172990254608283	-0.0696322186106055	-0.44220592642810147	-0.5342089317694664	0.07437237015596954	0.15983636074149388	1.286129526918127	-0.30312708339214556	-0.7301572109765718	0.6289683458592942	-1.902441385641416	-1.1849372540505092	-0.13884444106328683
0.9333471922155037	-0.7939125039771436	0.21640430751697895	-0.414243498680453	0.9695654448574567	-1.17325497095836	0.8414160079114765	-2.2142270356048086	-0.2553764097417166	0.17066152623474842	-1.7129399329488528	0.7386381441246742	-0.3151959073265355	0.4500058668843851	-0.7431867413419299	0.3044697689213765	-0.6855761989279773	0.05920591968983574	-1.677896213657521	-1.1670366659959341	0.21892599953641864
1.4330062098220666	0.14296721312497523	0.36789426398108466	-0.29925274644647026	1.0421729083817177	-0.9749852583602864	1.6987097006871055	-2.0721756817533405	1.2805710214233117	0.09624286948668827	0.0516156835710928	0.41334512671875756	2.649477830335266	-0.23825488550762272	0.45042343846187194	0.11228870184451187	0.2815340905819395	-0.3135026112606645	-1.1949320783867614	-0.9841214905028551	-2.649687931420199
0.8096939679064445	0.00762560342437626	-1.424622383044818	-0.144736982174346	0.7919042803429208	-2.2203153615668656	-0.36195534537996416	-1.540548809680617	0.6062026129706145	-0.18677686899211074	-0.531490880652253	1.3836394594914863	-0.13709727641685687	-0.742105203612937	-0.5033867756989413	1.2612905848327476	0.7303888871336197	-0.4788496590106845	-0.05730734657275902	-0.3703773745900098	-0.6657628113463461
1.2565548432932216	1.6740853194005678	-0.4328751558367642	-0.3928490083069878	0.10525036670023423	-0.840383168342571	0.9312106662083879	0.45859207725232254	1.4032796123158842	-0.40890994178261814	0.4766775866939402	0.7602682601800429	-0.12350529890755503	0.37340039419498966	-1.7679388949945	-0.4775686635375216	0.4992507965332723	-0.8508266118594756	0.06787109753132853	0.19904999304262022	-0.2735856651560608
-1.2754277466866524	0.5904188152013935	-0.5807140037937937	0.5778176518858278	-0.1310232278824149	-1.3415878354891029	0.35406234257642577	0.5987454379659393	0.4061729264160311	-0.8305293822002964	-0.6473943444524399	2.0365995524823863	-0.2507051409428727	1.7188243734376958	0.36538391539262755	-1.1460047485914922	0.6199418505915849	0.10476891185779401	0.6326406532844296	0.47306858044009437	-0.1773629879967628
-2.0641283161281834	1.524988284160374	-0.050204612891996	1.9324797875048572	0.3572761132302419	-0.8974348680426504	0.6586116779087662	-0.47685965063634195	1.4266865833420763	-0.3603063364932126	-0.1271744211940791	0.08626887984547361	-0.22030238636063892	1.385402799534815	-0.46709204151297	-0.032186966690597826	0.39745646224803527	0.6623012078626498	-0.18708435006369495	0.9218351259232007	-0.4255107588416988
-0.8129060243137687	0.13901892492382148	-0.24832669431045495	2.580682413251968	0.08686828976399953	-1.6322110645717136	0.29241085953609025	-1.148856473125699	0.3472651067585276	-0.8203061482563492	-1.2240860822258401	1.3556110405774142	-0.7757902502679229	1.6169610800765668	-0.5298807331971486	-0.610340444598532	0.386069851593867	-0.12453369040924858	0.3148310989185667	0.43718414202008427	0.27157564967781084
-0.1618001838541221	-0.1677382344364459	-1.1201130229875056	1.9844743957457602	0.7255784212664873	-1.7072152085200203	1.2226443155326063	0.0564176089184064	1.4282720550958956	-1.131857326325242	0.8292495083551558	0.04836397032017332	0.66747686771241	0.42574384172083485	0.5673425816695173	-0.5509465770153511	0.336374841387828	-0.44476874734887895	-0.6879544248045052	-0.6838307204614764	0.20876276773906818
0.2791950605953644	-0.5956142416131197	-0.18829876562523742	0.2854911620314236	0.12089364730542616	-1.7627339912852196	0.489229620818766	0.5804876364056146	-0.36121416335132744	-1.6655150888641665	-0.9789715559081971	0.859079308597481	-0.7245052962495594	-0.04060970858905744	-0.8238833317947691	-0.42774062405956703	0.43046561126123234	0.022489019626601162	-0.9841024904128745	0.0903868618205645	-0.4496834090840047
0.707338405998651	-0.5000970105296304	-0.06692176858771645	-0.3313140544581777	-0.006773431236492334	-1.1496623157375505	1.3688785363379625	-0.15643274918190622	1.3582875202862632	-1.7360512372937567	0.45966316964347587	0.019605649332219355	0.20790195091561517	0.6238221810786045	-0.3003629566942117	-0.1792023947511678	0.29424471236877786	0.9147786402838632	-1.198685703706678	-0.8692423852729031	1.1687878484948067
-0.17412864310311207	-1.4583953959205007	-0.06749859218122142	-0.5505264362508654	-0.002677678454469222	-1.2704870231873402	1.4715185610825845	-0.6959029601646012	0.24114013173011753	-0.959547399788224	-0.7759319945882441	0.8662993845282837	0.042422344978442876	0.1505425365512873	0.5697503064989091	-1.533600846220392	0.12499094737116855	0.14369010828068426	-0.6615348273617653	-0.7849999511910948	-1.5997278304200828
-0.4732595581186772	-0.43297013373134907	0.4221222040808009	-0.7095764169740698	0.5654621977707812	-1.1778115316834055	1.7715964018577632	-0.8854406879678357	1.1623156781652024	-1.4935209201034911	0.1129288746613587	0.11689963854424656	-0.03244847614831817	0.04797559649076132	-1.658274508020175	0.044925962820874805	0.07402848129206639	0.9529564439315964	-1.1667944920600624	-1.4962138945940615	0.6820641610073094
0.6806533205332048	-1.290737776487438	-0.7288998013470567	-0.6727980667691146	0.19158192050500542	-1.6654676203600889	1.3233975171888464	-1.4325321228163859	0.043476400064131636	-1.3492889203129348	-0.5982141672557076	1.3930686995465928	0.11981495322837536	-0.190569526452466	0.8366261919807677	-1.3433077584038362	-0.2589411490063374	0.23311301286464992	-0.8298828857739372	-1.3774557237775311	-0.6469440609666397
0.7581667357655254	0.15576473926535667	0.9274222116091493	-0.925210749763946	0.36197965049329317	-1.437747045570217	1.704875653142755	-1.0164751241008168	0.7459377265327437	0.0451517652500813	0.6060460942181748	0.29327647850167804	-0.7154827989787551	0.35032707880422354	-0.5556172122530337	-0.47112897837133666	-0.59705232985202	0.3959487131587299	-1.6760161897689339	-1.3042501076820276	-1.2493039261583865
0.9407014554488664	0.18043789782100153	0.8380620808078396	-0.44827781612242307	0.4507630198709854	-1.8393702172692308	0.2537208397180832	-1.176932911621653	0.619304253501032	1.4808604060357249	-0.5529471594336544	2.2545454970617964	3.01641813307844	0.48916041069022154	-1.5859459475554858	0.04459651698115112	-0.7832968455261058	0.12357482514816132	-0.28767945441235904	-1.5309254683851186	0.8787776832316775
0.6000215149781621	1.6005234991935655	-1.2730202613693884	-0.0005818918023908951	-0.11200668689227226	-0.8438996657755964	0.5698067825471987	-0.6454003651613612	1.8379864650898134	1.2048849919451623	0.23141152032461043	0.9559259420925897	0.5466721125319143	-0.06926770947986288	0.025785469281185403	-0.8926224509149152	-0.3915203128402119	-1.2839609072602043	-0.3958595492238032	-0.0632545584167318	-0.534296171293733
-0.2639621357135346	1.273944246804762	-0.5555451490419832	0.12094616917952691	-0.5051362061513841	-0.6850435921436538	0.23682605818244837	0.8338582467670607	0.34692411142513585	0.47439604453473794	-1.2558940769726756	1.964080464098752	-0.43153336910173923	1.1565974773138745	-0.9485354401149627	-1.2810764224359201	0.0945262566669936	0.41379443118432674	0.5551189075952613	0.7188983066960013	-0.835177930551773
-1.0958291150792066	1.606655315611901	-0.13035052234224262	0.7405948561204122	-0.19049597116492228	-0.3603846906533321	0.9065508520850744	0.49602464900228155	1.4466119173799854	0.2563460292853233	-0.060241875152401446	1.2705807988583953	-0.07972355834883668	1.894412113437556	-0.37640951368397624	1.3924112638571917	0.36377931191201157	1.6831897562852296	0.3971328004105483	1.0207454857950604	0.6529534475824844
-1.648038487083482	0.6254455431707387	-0.13144997264058758	1.259248460404984	0.0319346393058932	-0.1796949166987698	1.2112892134205497	0.06420493147568826	1.350715932260387	0.3708157321051158	-0.8655858335821788	0.964270962528	-0.26386461820421964	1.5010120597265881	0.4060194323273038	-0.03071562621696937	0.17005749976502202	-1.6852951548477295	0.7776429062589145	1.1324180995436615	-1.6430285292431204
-1.0986327480813571	0.09783901446345666	0.990144003898407	1.3615905333797973	0.8612665578740837	-1.662618971597049	0.5225223510044026	0.8929231430131345	0.5360915551012724	1.1347207702921696	-0.5614830116551897	1.0160083940901883	-2.9636470438814375	0.9788304620383211	0.19353878134397545	1.9779585998641505	0.5263415617403737	0.5641336810913329	-0.4351858637392616	0.43884529435242164	-0.8124940945332964
-0.5823143988410092	-0.9618692718131937	-0.006820886653580992	1.0813665211136585	2.203502331958321	-1.4774764399925782	1.2301446301669965	1.3446606564687473	1.6203379748349984	1.3544798294481404	0.44589467080360456	0.16894267190846238	-0.0012847839422287285	0.07567582384695758	-1.635913784711105	-0.13696147092071365	0.5342741867071453	-1.6608238981963377	-0.5850980926808589	-1.577783536959863	-0.01598330245234935
-0.35779737527140437	-1.7646557617993581	-0.19598970743656727	-0.49228693323815126	1.8446477435437045	-2.385562381848934	0.3172487899300121	1.527998889747938	0.6456782103874514	0.8895617394664725	-0.23597565777679427	1.6863524086077752	0.46352310163609106	-0.19167580031336265	0.5609375221630017	-0.916116178497034	0.7915947547031372	-0.2929193234040119	-0.5140969765998249	-1.9857862491470357	0.7137606556195099
-0.8496451682776905	-0.3177850832591664	0.03482267209072657	-1.0389306172622808	1.1806998097491517	-1.6850500433192377	1.1038417500368851	0.6481159499448447	1.3245681416129056	-0.11876589013866094	0.30072011749104355	-0.04165632684439817	-0.34308091316158423	-1.037796323581626	-0.017790057097190948	-0.2993003340901761	0.6049184170889654	-0.12298802514728331	-1.8477933569143836	-1.886970819362295	-0.6061172425493321
-0.2122474229101942	-1.580722130218649	0.891972587850055	-1.314535861308374	0.9779213314921922	-1.9004715040019966	0.9402003709807983	-0.08079903262579126	0.5924394288593601	-0.647943991497503	-0.7596382594993732	1.587810911496023	0.09435520569788274	-0.18490872418339535	-0.6614858277398876	0.2610403343446557	0.46595652773811236	-0.23723842379150403	-1.1661868728445193	-2.5570858615328618	1.2337491796093703
0.1136082931028604	-0.8337807613366739	-0.3115725301745335	-0.9431580208626708	1.010188382210926	-1.5384469020142681	1.3899732011708108	-0.8919113729474817	1.4101373583902905	-0.6402667143807582	0.18362717578572435	0.05614506672009132	0.38281271647914755	-0.30141542153181483	0.7721187082818328	-0.22541788187737652	0.4111375765432388	-1.6870756010922257	-1.8516969247511377	-2.2575729991657574	-0.8216084676255033
-0.3004581188387243	-1.205898612114375	0.25790731684901075	-1.1610316400117793	0.48456246560796495	-1.7263309064740384	1.3511725317472905	-0.9172020219140976	0.6231264748796999	-1.00999146815901	-0.19508295822171284	1.5217763889845455	0.3134502642297967	-0.0797300323576952	-0.9644581311044683	1.723067618374324	0.7613050161309428	0.38634006610382166	-1.1748539575622985	-2.24255067388691	0.6615492680892671
0.027422368440895767	-1.351068248620692	-0.965663034089338	-1.565603254692541	0.18366242306500957	-1.3954848052612396	2.1380102652446835	-0.7595153808300417	1.30695875455554	-1.8404309258271299	0.13418980083750043	1.4914588036645224	2.0664808970659525	-2.445409901541647	0.875317167807884	0.2572884373972662	0.06305454747749746	-1.3612484915943897	-0.42787422125529967	-2.016662673555007	-2.044928173159345
1.350917127005728	0.6954089066327634	-1.5427932656918089	-1.3539783059775017	-1.258383610942713	-0.8255373099036586	0.6692840820396049	0.3426865239754191	1.1814910887403018	-1.8554716372221691	-0.4975936112387465	2.8400564903632084	0.6688815605180088	-0.9916608659972148	-2.306428207748537	1.7854834702303966	-0.6101548729718557	0.22596761989316821	-0.49236950105289107	-0.6208545620745715	0.11037940995137964
0.10529053220705076	2.067420539901375	-1.156585029497126	-0.3548147887312953	-2.66675174188834	0.5150049061599556	1.2065318955906246	0.6548152508976055	1.6175380507359458	-1.5740489765631678	0.36675631311467344	2.559180413965679	-1.0514789140808478	0.840337470285467	-0.15499784717809942	0.11413270103584464	-1.7108125249691966	0.0979619539737696	-0.8738656420899437	-0.2007713560647419	-0.07078296266964383
-1.0735194991386634	0.8227331143556085	0.2764728035484216	0.3721575619973924	-3.184093345305299	1.1959993334223702	1.342154478642474	1.362211666596748	1.6466441545386796	-1.1514945793629343	-0.46551023974591815	2.262330263270235	0.0017186501698778173	1.035672770207618	-0.9809868282485359	-0.22292366476756748	-2.0612003308664075	-1.3658119436665688	-0.4459770524809366	-0.06948478366263657	-0.1747771343292337
-0.9662755681333638	-0.08430734001074458	-0.046054581539485044	1.5130190317289869	-2.9203251153719294	0.6496248949150233	1.092398729118695	0.2039105659394244	1.3153280879269922	-0.252059620715942	-0.927776598306316	2.592102117194606	-0.3904316692833333	1.1942771940163635	0.1774350001497092	-0.8642752561874621	-1.915596503689502	-0.040432339504679	-0.3201067223706429	-0.05698956765773907	-1.2446620768499048
-0.23923105480382123	-0.21049250666448366	-0.26622470795877584	2.544722013979107	-2.0884690093185534	0.09224465644838137	0.8248252439035559	0.2584843100625486	1.0083821601233678	1.2089091122012792	-1.418847303373506	2.2663825031472538	-0.7543604853354852	1.5118788127846583	-0.8089506229559212	-0.466481465753856	-1.7982909055391276	0.5844758807349447	-0.7260241932571592	-0.7428534073012679	-1.7758893581172275
0.4421886919856688	-1.157129750131642	-1.1324462804613313	2.3563833842611865	0.6599651811567974	0.25714567245012604	0.34375650992309414	2.0026515240553495	1.7754686246430718	2.263269645372835	-0.4520863078374614	2.926266305418782	0.057518972004161374	0.6165339990436404	0.29113428295329474	-0.3236476982271175	-0.5740879403301632	0.3677223619149525	-0.7871837143941581	-1.5045874974767794	-1.5182303186546051
0.36698065087628906	-0.621563487932493	0.5504026684232087	0.32644367178088474	-0.773161164453107	0.9256466290032888	0.3997496530400126	2.2953901589814523	1.7222157026194822	1.2850498623397435	-0.7912669780825651	2.3518089063888645	-0.23100305633040813	0.530444960217554	-1.9367871526867806	-0.2773474817204393	-0.9986740972553937	0.03665184913055563	-1.3811808846392564	-0.8755887456828068	-0.5089059330187617
-1.0185202815290875	-0.16479830572303597	-0.09200692886365752	-0.43293823726901826	-1.4543532118178044	1.1930927327862968	0.2169543032698297	0.9581270049200621	2.1218788776240904	0.3118073158422308	-0.1732416067171254	2.140769290164046	0.12142958279266376	0.853505299492644	0.056136741890172114	0.09819867448138558	-1.0450600929964708	-0.0016153030867198418	-1.7066696047769425	-0.6276710394036908	0.106553391574466
-1.260181491398129	-0.8368738303451296	1.121866292080703	0.043561550457651206	-2.5016898850748235	1.532488079091842	0.13351385502648316	-0.04440708655168657	2.2098695907698236	-0.06339698682127518	-0.09209684641849693	2.0624344840811437	-0.37950037410175014	0.24637604656445095	0.24445407886865497	-0.23596180597757785	-0.3884739090199481	-1.4797967563450052	-1.7546145001919673	-0.3778926687770416	0.2490656514175629
-0.3169824468299581	-0.23620801992591856	0.9902867679315944	-0.09690105868259556	-2.684573707625671	1.5938738159870676	-0.3239280343464969	0.52393525138678	1.7219381734308095	0.16458442517972885	-1.065650681455581	1.2624541330440018	-0.21570964649411406	0.14908283950976223	-0.8752561792693602	-0.06281433589553197	-0.2231816428521313	-0.8728152403876942	-1.9960357730225184	0.42672097269212783	-0.4227566610878197
0.0995330809787891	-0.15634641470784524	0.38618552950268886	-0.43601252200101687	-2.5105603903719045	1.2091084282558582	-0.2790998873805188	1.3421504422985022	2.34261282890823	0.24306490203341885	-0.05012565218717436	1.6628511424241241	0.273593696776468	0.3675682248253328	0.8630672818444804	-0.26311998060147934	-0.2089070775589276	0.2587360724960868	-1.9397845110816099	-0.433726261948178	-0.051367253703832806
