ICA_00	ICA_01	ICA_02	ICA_03	ICA_04	ICA_05	ICA_06	ICA_07	ICA_08	ICA_09	ICA_10	ICA_11	ICA_12	ICA_13
-0.6738049160534156	0.36909588508392877	-0.08700738300963821	1.3381615840471788	0.018981048771129154	0.37687006343360774	0.14145378536067615	0.32741792882091975	0.10210495938912849	0.8426026374978833	-1.1438829331682838	-0.35482172812871615	-0.4450118191765439	0.4594690953165384
-0.4100245651202216	-0.24657442797035864	-0.23381878717294047	1.1048977848761383	0.09022280241755906	0.3905642994503302	-1.093971813730251	0.6867898801152408	0.32778067824053614	0.44311413156702517	-1.643789129460746	-1.9514928219505865	-0.09638196859298594	0.6506949340361992
-1.0336135219166362	0.5771819139798116	-0.1444087445786242	-2.497903790170344	1.8895233623277001	-0.28090939661800346	-2.826608800238613	0.6578326887317367	-0.3408766657807689	-1.011667314157931	-1.4134333614584835	0.3503427620417713	-1.1128886067661647	0.05180026764529812
-0.1340124578247274	-0.11663030292442574	0.24717833674284573	-0.8080614308970162	0.2817188432666083	0.8988508979984975	-1.3494927343775227	-0.3546508984239531	0.6532418662057956	-0.5026748158399588	-2.478101327834037	0.34186210436753367	-0.44347926051912506	-0.5246405797308616
-0.3759616173666267	-0.04938908314568376	-0.1141152838279179	-1.4319984481554626	-0.14449127250599345	0.8253960595893123	-0.5286629408792194	-0.37965422884293065	0.2578434870974656	-0.6248158976808551	-2.2362216436799707	-0.08307946806607319	-0.38109907425723943	-0.9094906526511487
-0.4152897027949297	0.0065173341984499705	-0.37269017307240926	-1.5489706312492248	-0.45201617353823664	0.7856257735155	-0.3240829989095744	-0.46998619832587957	0.4659327318894053	-0.696184226813024	-2.149649870740602	0.08056975297403028	-0.22159001674455578	-0.7652369299109255
-1.6296015086770388	1.837014718311287	0.7500880970268999	-0.7880713925804429	0.6770403363820459	-0.06822532676609909	0.4281225768207528	-0.06778630280683473	-0.8685636841862819	0.13837827751929896	-1.5634426183563739	-0.46875497190717924	-1.2762493401996842	-1.8753781588487481
-1.6263641161454194	1.105939842441256	-0.966059022931999	0.6598776862008338	0.4997797301669957	1.3742175996980261	-0.25111034578173597	-0.6351023319327855	-0.2823528050401701	1.075844356393979	-0.9746704258082859	0.22483381271536568	-0.26223822279824305	0.31318794188110594
-0.8875389361898847	0.6751483309112011	-0.27406050061568643	1.0236462287044237	1.0632564649243437	1.1672985877920292	0.23555359451406377	-0.04351613860403425	-0.2812577937427266	0.5052346610976806	-1.7725747985262423	0.18611664647810972	-0.864253288897437	0.5838830214860024
-1.0101100558839788	0.48176742054067073	-0.0032259984818447606	1.243434394024333	0.707324384106161	0.843729183396879	0.3640717846513145	0.03234356845282179	-0.43597727430485705	0.9018919864431363	-1.1102335035056095	-0.08446624053964105	-0.9500354595479694	0.5318237703152157
-0.864500097170884	0.5863251087532916	0.03441237519277298	1.168057248449177	0.7647618308234077	0.9190410957010774	0.5369547504147338	-0.023503483288784696	-0.2888877468680961	0.7752305849319161	-1.3051035758555256	0.18326280606939083	-0.7234398102054661	0.7880954034899266
-1.0080499459984076	0.4698807019103256	0.1483443485446295	1.2576757157273022	0.1625078167328756	1.1880655894794794	0.30149463549563654	-0.31409569885564237	-0.6483030679446132	0.8222087339227458	-1.1642605226556324	-0.31356515636147275	-0.9518102845624099	0.8307474116800214
-0.7208331201081865	-0.02950861027898927	0.45975768932831557	0.41278859752597524	-0.7917836674623948	1.4924389225133414	-0.19150177539713323	-0.4131274896784464	-0.16428140796762847	-0.155183645482268	-1.8757303779017505	-1.1606012991684693	-0.36956351238892404	2.058184752288255
-1.8682483407618367	0.9224206442558774	0.9829195516507512	0.8132867353580804	0.004721205419836548	0.5779877054085445	0.042555282872901855	-0.5014772362084035	-0.36016597407138584	0.5878392922479181	-1.2944616955632453	0.6141598591017386	-0.518393842444991	0.10770255682873194
-0.44177740524406695	0.08121478738004147	-0.35299900308788534	-1.0889473439227246	1.4522137591966535	0.39831142753552917	0.34087484240118054	-0.0603511951129274	0.009727610492584299	-0.8569123970737801	-2.4139751904097833	0.1053187242301154	-0.15888303099721204	0.2331292030484536
-0.8716149095105054	0.5435820661552456	0.2031394013564358	-0.6683800464004226	0.653819572888143	0.39180871057004635	-0.04009735090439724	-0.07229145530871305	-0.17617479900430658	-0.16620869864045537	-2.2155353011382175	0.6861861168869867	-0.6647540580807836	-0.818935040938041
-0.5387193807658877	0.21293926071939828	-0.2244118534095721	-0.43182246148042713	0.31230583036588977	0.7145122162637828	-0.1577291154506495	-0.0787918230782035	0.09715350847943961	0.00803246293183235	-2.1131772658809265	0.17904233882326223	-0.5753041125937709	-0.7833985909173586
0.5345420485859225	1.2631453154655456	0.5273953770424892	-0.1474355512415674	-0.13544568346388608	0.22234640385559018	0.2952391421768664	0.2716531064642645	0.5294655061288235	0.057277058323506526	-1.6298051367233217	0.07774052115890796	-0.4717538764216665	-0.8659404615480755
0.2883558859379232	1.2818754048067793	-0.3521846449462579	-0.16429238528699788	-0.056996302074999144	0.21103389292668215	0.8144907407188124	0.7518163843105938	0.7515773608015779	0.28365634896232444	-1.3614289368350436	0.2447139406415426	-0.16616902307659365	-0.6028406018074152
-2.0208221069867687	2.571600039272759	-2.021619675259811	-1.5121084876945332	-1.796364082299306	-0.7211703231751776	-2.079816196682111	-0.9294268208561164	1.5094815467640204	2.1182680120198936	0.7810609432761736	-1.278736889738277	1.2435255319557466	-0.8005927400691558
-0.9471931738976908	1.0009227891481653	-0.1810228874841495	-1.639835679912741	0.04865316153189273	0.6111620968227626	-0.06431483326926489	-0.7301912359333863	0.9763739111665054	1.7955036062026417	0.691941549498186	-0.7954043616654819	0.8043874237285786	1.0476603155660893
-1.0422695441948517	0.794002690260283	0.4581306763618492	-1.1530587852132905	0.09618181333286883	0.5882647552627731	-0.32809325620991275	-1.1110233481535197	0.514080619425192	1.717293721976582	0.8643381205647007	-0.8152313187442616	0.7407712253776632	1.1282288754118004
-0.9490083205015034	0.648859355092586	0.2781034490381951	-0.8752877038294379	0.5153337437862228	0.5120915163369548	-0.3495896061562621	-1.0545424009352147	0.5656295701015381	1.6727779235546971	0.8636386164950661	-0.7870945945219511	0.7562022714488857	1.3147044585659615
-0.9825605100057274	0.807904649594268	0.4125543722890233	-0.7361039851589055	0.2055472358109384	0.34267509603049334	-0.34729850254880573	-1.1995982782179833	0.45432024552092054	1.7021500998200276	1.053775359598058	-0.7138027537596491	0.7079352117864623	1.2188060040837412
-0.8926338402568726	0.4681582561835385	0.14910445759869279	-0.5158302406324546	0.022942553157573434	1.4859299808442723	-0.40280160581562446	-1.2086287559354199	0.07396161146459065	1.6397525763466902	0.4982963976769132	-0.9881693133532944	0.850963007154959	1.3730138850303177
-1.724898431797559	0.8665381083075323	-1.0945997371874139	-1.5473230776926183	0.8783876153647486	0.8245429628142957	1.3716935105407506	-1.139985517431562	0.06752405824737155	1.4306617967614725	0.4205072427999454	-0.8687689552835416	1.6096226784714556	0.4548898237540567
0.4669480109208881	2.5644449724061076	2.511841253214429	2.018491181571205	-0.5334445718885887	1.0019724108850614	-3.8726378519383853	-4.400101347855047	3.2304224484587163	0.03950640981180146	-0.4198046297717184	1.6165362590862533	2.9505315417923863	-1.5985839731704832
-0.7038059331670284	1.0164700066520131	-1.9791339694342078	0.7018107431414414	-0.15988674837575242	1.357506959990803	-0.17563135290401674	-0.5071500664706082	0.006013441477444467	0.4284341499530145	-0.0653322763142327	0.7291985701015945	-0.6512442528265704	-1.02791299436757
-0.4428358199983296	0.8970552450627809	-1.1117395256699878	0.5468278120685628	0.2600690425974133	0.8427657958267731	0.49702591851870814	-0.9863558919824644	0.029585107497493893	0.22041766514755137	-0.17370092343726568	0.9755300657654692	-0.6755398753111285	-1.2613669700135182
-0.09936545911206908	0.20241461308592673	-0.8580241401943505	0.21062293362327597	-0.14377950671237855	0.7029710913494089	0.6499735456302784	-0.7325975129775542	-0.06650919760680436	0.18186161857767283	0.004042062786215984	0.41137469148482303	-1.7016344402900985	-0.8791663611402499
-0.204771687398504	-0.6806514657136187	-0.915026174180564	0.4551418845708224	-1.6773011348595979	0.9788972639218039	0.07434310481791429	0.15922860475394665	0.28944627218842484	0.5195191374585586	-1.7656271075625296	0.011696466210082666	-0.8763056615558111	1.0762420671216706
-1.8134248620880589	2.517191240028454	1.2568212851203981	0.03714015595043691	1.5760056312636381	-0.5337077465632324	0.42474145616906983	-0.10154181065532056	-0.6070312223638774	1.0363247701423715	0.8752267541696275	-1.789037841104146	-1.6968972405757214	-1.9365967228842444
-0.7013826561874401	0.2804613316956426	-0.09972606270471009	0.12935682566060328	1.6203534996075675	1.5948844642480378	0.15122087700516915	-0.8833288952193502	-0.26207333869373234	1.8775553895119461	0.4539072994069134	0.8092983949009523	-0.012205436283950755	0.7340053580160216
-0.8988805729791481	0.40570258487320776	-0.02403795701849698	0.13619011038147213	0.6244463567455851	1.361951895121163	0.15838176342151902	-1.0287976961505818	-0.314237708792181	1.737692603267748	0.7076447892423804	0.38508468193488776	0.08192899298167756	0.8743328289999822
-0.9925117832757252	0.08439304209839149	0.09968653946904699	0.2297382527286908	0.30813694171962175	1.2904262469325685	0.010184264406207602	-1.218662030328784	-0.4700141086413403	1.7467608380686876	0.7816659175601088	0.19745839828613665	0.37010694462009414	0.9211375477196484
-0.8546877755424351	-0.071054588622395	0.47873182065301023	0.09044479823169359	0.4500276416269829	0.8205808532901349	-0.22801236382734172	-1.0665091463591607	-0.2720959500566293	1.973433981810462	1.3412465956627873	0.02728028108142829	0.3183009171183817	0.7734222347707265
-0.5286992424877762	-0.4263599718240585	0.5619667862207116	0.005686660069904134	0.5039244710502742	0.48098053856328804	0.018140682670959033	-0.8984015625206064	0.11719930981275421	2.222987373428466	1.5454662368835115	-0.006438779230283495	0.36805544101796167	0.8968648728443633
-0.5802025447179392	-0.4599672018980084	0.2615005452867677	0.4276705699904234	0.22699493834161574	0.18166239367225176	0.0492704795641246	-0.8765554207179094	0.25456937142801744	2.1260869648020297	1.426670754304437	0.06117558539074823	0.17590400934266281	0.931740807654769
-0.6577479876238572	-0.47384521693013804	0.17589797691839185	0.43661467788141434	0.2996836456311456	0.1798605099455768	-0.13345797795387737	-0.5901750789348932	0.18587161089143717	2.163400369790711	1.4228549019294112	-0.25298838303580434	-0.0038668769007695696	0.8491125982554903
1.1637938595891781	-1.4260071458252868	2.6653039919586656	-1.237113363886531	-0.4375468336764394	-0.02125584455717629	2.381564067439555	-0.5757432316257036	2.649951713324677	-0.9203965434766036	0.8602872861565551	0.8671096050001047	-2.3504454377502713	1.4678109774572161
0.37062167151975994	-0.6406218105712188	-0.43830135419207816	-0.08531980200738606	0.04398277732155605	-0.05728214291657866	0.43209571976635375	-0.6234709116251006	1.5743310822880445	-0.14141506928687908	0.8233846114407951	0.6960250000526296	-1.9476598022555627	-0.5650229715705685
-0.062457177452946114	-0.4071469343411546	-1.1328290216704926	0.21803718633000777	-0.06404581161800163	-0.06674711458529789	0.46987518145790014	-0.8778160853660741	1.2425073655018963	-0.08083212574756031	0.7166629850054183	0.4843472391046997	-1.9133298872563038	-0.7578407467751721
-0.02168780582025892	-0.7726162240654948	-0.7010113208409176	-0.25022730299702617	0.08106528962183035	-0.268771485960097	-0.019600691098636817	-0.9014844152979322	1.3059705807115607	-0.07678380280017362	0.7085749645493263	0.5533811038801867	-2.014014481414973	-0.7252753702571337
0.5600143086886914	-0.6366078341035204	-1.2050738757476824	0.12602375105166883	0.3819675636484273	-0.5173870292430508	0.6143873958616145	-0.4962863502805881	1.2902955997152232	0.14291522258246012	0.3128690631941418	1.1911729813466847	-1.6459234463735366	-0.7683873799723407
-0.8409197378865696	-0.655308792505736	-0.49605803326778614	-1.1155772638245538	-1.2152067738018784	-0.5740316162398904	0.8748477391859208	-0.8867343631981237	1.958176458647109	-0.07501296223275197	1.4858001265207132	1.9510990911982373	-0.6457692475104894	0.7474503132930721
-1.1192499218446157	-0.6277284019641239	-1.4140832321306684	-0.16407917366021238	-1.1900956072139894	-0.6718705090729669	1.3192136002785844	-1.4994322990937032	1.2439317654198745	0.2498302161741617	1.1080515500449848	1.2382449568433327	-0.8012424493771939	0.790521466209404
-1.0919033304115338	-0.8690712725127928	-0.594937429386719	0.5830845447655494	-0.6056177612712642	-0.5472478670581026	0.1374668893483478	-1.8221758175842093	1.8708358542000223	-0.32601887511140815	0.7081556683138361	0.2655020247191707	-0.9526897330288625	0.27404267708548324
-1.1371589005121219	-0.969178028443616	-0.7824902080102499	0.028526546002310176	0.33447223509148116	-0.6544746478623524	0.20858864801404825	-0.8638578970233286	1.8446667241473595	-0.39116951401967126	0.8676221839849595	0.14360266005499947	-1.388913211559236	0.1508768933442513
0.9720317802785079	-1.4181428571542884	0.7885223299169137	1.1469203697470578	-3.770248337377955	0.29400633157124284	-0.36020030866107794	-0.8792914919178096	0.8932747541951335	-0.16479934249601078	-0.42465357791591835	-2.1434908337658456	-2.511902228702243	2.675682012744014
-0.6850709907248026	1.4184828435650327	1.1154676124047405	1.4335413247158564	0.9160379932660211	-0.7230565772042473	-0.3955476417499034	-0.5005100618011606	0.38532989038169335	0.43131379250871676	-1.1323213110399473	-0.08725489797223841	-0.2200996045782589	-0.24556761355529147
-1.3769153690343747	0.6325851848552188	-0.6929361343934597	0.6731560961870379	0.20207712149746593	-0.018135251087436285	0.13408285955848306	-0.9001698080161235	0.16536865165366715	0.6785584701220034	0.6662155679461309	1.6201234601898478	-1.0220207669433234	0.0061299218605456555
0.4235393316816595	0.9012925693406681	0.6136737459735446	2.2666087193339144	-4.171813249353334	1.2123778891414714	-2.8986093955633625	-2.83073492510733	1.5413537634503216	0.00985920185710774	-0.34758192089921186	1.4978231141792533	-0.03377272178168419	0.6813070578020809
0.06480026257673745	0.9470063408140075	-0.8506188397412455	0.43139776262034857	-0.08480544504272662	0.2866010667349657	-0.3000190435496049	-0.312561330511611	1.3580232270237687	0.13764435941825834	1.0306778759695405	0.3678073778507703	-1.4008338973450836	-1.3039233775954198
0.8051833669222916	0.6001404752532523	-0.9680124359798147	0.012902119600257847	-0.3029514884808666	0.8151410800490917	-0.28560393227659403	-0.24471740138249112	1.7560651035938684	0.15092614209190822	0.8817489944660984	-0.06575687834929009	-1.5335004908381955	-0.2733389098788422
0.9147791833010871	0.709880714679197	-0.5914791551699862	-0.07497893575002157	-0.43603955727457466	-0.01668696790537736	0.10925630105350258	0.0338038525372709	2.317240170894474	0.4663094734575493	0.9023556219623393	0.12563958839790404	-1.31998001011504	-0.3654087853900005
1.3768182979467236	0.4661497215594883	-0.9325844353505578	0.5101136141314737	-0.7704193577479762	0.061969855578529416	0.23982205644498517	0.12399049967687564	2.0922552310378797	0.7565397929316751	0.8508967940229256	0.1270759737719331	-0.698160924859975	-0.015834804186893623
-0.3931923667482578	0.9191986525440682	-0.48824607774778295	-1.436543167847413	1.4634718815884264	-0.5122584792410494	-0.08317706964306144	1.0754644351084255	0.024477132156889056	1.5635182343305438	2.3039463925531436	-3.13733210007405	-2.826499425210944	-0.46624114020277874
0.33816472780348605	-0.8025260297265007	0.29301810473805445	0.840064323329367	1.4164911304638734	0.6391954381571275	1.3094475613385774	-0.6443039843082881	1.0439553501434315	1.9559283760205726	0.278598916100266	0.9731568219347585	0.23110152550609864	1.038057868835155
0.29238995781566596	-0.5359336018967005	0.3016636553661707	0.6996987271571088	1.0999996918199006	0.08093864186905989	0.3161343893819705	-0.1513918962786822	0.894127936777526	1.6306043690922198	0.7843612095003994	0.7262703983935763	-0.8322047701041606	0.48200553434845045
0.25089856972511804	-0.5977945545825073	0.1220334928634405	0.8461659563308837	0.7147408861603575	0.029098124880459215	0.5385168414716135	-0.03771330920478737	0.7848639176546096	1.7661827509899892	0.5955205254999029	0.544068953980888	-0.7686615807488383	0.8811275513204745
0.07601123768592037	-0.6013980195267068	0.19596671692604484	0.9723601036838717	0.6653274610562024	-0.19947286844329992	0.7673402192960078	-0.24928782040382375	0.674156391366893	1.6371318760218512	0.6846347605513301	0.7264631304434271	-0.5217643431575503	0.533554533805854
0.2554372321477796	-0.6674712874659237	-0.280201592964024	0.8921054597900889	0.819512032343425	-0.21298494850536678	0.4948151944789844	0.05088868943881027	0.7579771553207192	1.5667702390027078	0.7049953583822657	0.9513307766368415	-0.8931647463093262	0.7543009743680765
0.05816694847787444	-0.539286199897122	-0.08251032513973294	1.2801358101293816	0.5090087323575297	0.21221898237034842	0.3212913159133351	-0.1814508183756582	0.5521796698855596	1.552284187496538	0.5225080678679725	0.9515796173791574	-0.7978067012203712	0.571655268998488
0.17900202863152875	-0.8021954287421863	-0.47072012883360065	1.5977462274777685	0.8103408214781872	-0.23810449387836813	-0.01949589291615268	0.028300968248591112	0.4298523990293852	1.4485515308034511	0.5389311376065737	-0.44368140547819956	-0.7940774217259328	0.34602638404057406
1.8334679269056056	0.5811301762778236	0.20642810135102357	-0.5128587226345437	2.0525687073142467	0.7029226984036854	-1.2205553152415638	0.01434861276141583	0.15634140992891224	-0.33910000458904427	1.0723229079680796	1.3763920278898674	-1.15615594269792	1.5283265582053343
1.0883421267974487	1.345208662522262	-0.8913540836016997	0.15879108000962514	0.2836904866636396	1.1205092172360969	0.3866613113810823	0.22664313298669866	-0.386698728786737	-0.399558464018112	0.7191684574641188	0.47040767898686725	0.4554392467228406	1.1946762742279207
0.6779427746302731	1.944730859205409	-0.14282146427145018	0.016922429566844695	-0.057274054754942995	0.8303446796425835	0.07076296581651834	0.5821009942031566	-0.5345542000652141	-0.43580935725823367	0.6214819083807588	0.16203674135338839	0.06259366394471387	0.6942279665795871
0.7826957054025618	1.8571571039694947	-0.09189060869176106	-0.2019980843204215	-0.15611333088962187	0.795731318752703	0.09382102180338155	0.836204427474312	-0.14058210716031627	-0.3802489662705172	0.4552308715088387	0.21085326580719238	0.3232739972385619	0.9455818782588504
0.5888667534765802	2.245809579165808	0.12620058401336193	-0.6321133812984219	0.19545333420852273	0.579419608799211	0.49700344851485173	1.1513339694867815	-0.18036597952723774	-0.07716657348704963	0.5557693538750937	0.7184187623167477	0.003913973193191211	0.42267110089433885
-1.4129866360894923	1.4176264279165887	-0.9846857932987471	0.7247291541046648	-0.46938100988348413	0.2098262551843292	0.4764615835897526	-1.3564421852026938	0.5111281799296754	1.7282574592303028	0.6474644515255575	0.7673642001216415	0.5100347257975957	-0.158768512661439
-0.3720618192616661	-0.36422579031252583	-0.538084639883259	1.3139121368942375	-0.40061594375605347	0.9790835301021349	0.30643192081772036	-0.6495516684050577	-0.03498321201736991	1.2736192896133396	-0.11425667694984766	-0.2550684986706832	-1.1335224442009795	1.2994634721644416
-0.7699570820691676	0.6533597166021757	-0.061228258073527775	0.9542496896624153	1.675777000815529	0.587104975653647	0.41948031782922807	-0.015432291331181675	-0.039020565078529176	0.710026337246118	-0.8693607963715592	0.11096835729353642	-0.3732605997463237	0.500211087892882
-0.6291132672143395	0.3549411948066281	0.17683379640609162	1.2719888259879335	0.7151096823519579	1.3084191128393854	-0.22735579263096536	-0.606979242449917	-0.14318681624012103	1.0220280100798933	-0.12333197748794224	0.8751857808295688	-1.191728300959885	0.4136303625947422
-0.6203945986170801	0.11486085261146167	0.06961014121111267	1.4884008058207647	0.6304197970440875	0.9383855845647088	0.25287191567522604	-0.5751479027981256	-0.11048860294275727	1.0913127792582664	-0.16070628681858387	0.5051436291208108	-0.957910001008497	0.5355234820291014
-0.6582676737555974	0.11175175355826639	-0.1090693669264875	1.2924146941586807	0.7585499828519033	0.7035580804074113	0.025367655888888743	-0.4978663004406654	0.06391728417180556	1.1856505277728426	0.12300845502451935	0.6317679468637853	-1.1054856468193186	0.4694306781303323
-0.34843142532251203	-0.16595108358265137	-0.1685993453832661	1.3293366098610688	0.6003262775185904	0.2330904061595963	0.2138082478699447	-0.3439324279196617	0.5685681911774215	1.3513374319681386	0.25117828434323264	0.3758214052316699	-0.9632230318920529	0.4872418324446204
1.8356738858277963	0.8487400954508821	0.5921846755409788	2.3662177452270083	-2.753149932159412	0.8463851315339672	-1.2460367054671306	-1.390579632655466	1.7996439730952347	0.18289606581250684	-0.4216131712527015	0.6921903376311251	1.567913175060434	0.7816179386203835
1.5307076953172933	1.3278664704417982	-0.07436209802646572	-0.17329852838151782	-1.1923003492360995	-0.1476423381983682	0.16540964072577327	1.076576030878906	-0.15294289234613176	-0.1622912169825626	0.8560163725985794	-0.15506966300901392	-0.0868950307461163	0.46391916328417393
0.7547544162854529	1.6093397859425846	-0.2899795927561598	-0.34311191511005384	-0.30758270388355946	-0.1509388005646556	-0.13560374315677237	0.9583741650655934	0.6437050469272203	-0.3476114249938728	0.4788456472457286	0.9084688578494416	1.0202286082568628	-0.03558980040130294
1.1789756157314444	1.1874746694033413	-1.0888180944198473	-0.5574857733377142	-1.2118344755483754	-0.1579100157058537	0.7684974987655732	1.313277615672572	0.43730156335407444	-0.24013847548561448	0.2597387427009549	1.053025613266224	0.768763289181376	0.5717556268649963
0.5556712534596576	1.3224711453625184	-0.16356494136829622	-0.49126115982494756	-0.7911788969063485	-0.5335911277629796	0.3193419845575321	1.573239173539125	0.5117471850857002	-0.202934421570298	0.11024122581847401	-0.03310055380008766	0.39270498650512703	0.18081347259781233
0.02969724284903852	1.8038814343703753	1.1127435088835165	-0.4938101327524869	0.5295593116448566	-0.8592178233975709	0.12503645459322174	1.7944890305750427	-0.3892655564228127	0.6726767690049535	0.22361209200723411	-1.0698802788649415	-2.44390616781952	-0.6674308869333286
-0.27206355543821403	0.05021909219817629	0.13369063721278746	0.769029883161813	1.9436312283879194	0.07492312096652849	1.117773340195688	0.3007119108886522	0.9956064691981443	0.7544312042825443	-1.365748890388991	0.2875565680702758	0.24284822670538486	0.7973750313248418
-0.7938570058466413	0.02560420988333734	-0.4383357443844073	0.6357332087673154	0.8513985304900914	-0.2552156623882019	0.515033467129936	0.773335837054777	0.6028259061345901	0.7874579507899212	-1.313685009588179	0.3219987958179346	-0.1205857929507298	0.2779744372227412
-0.6033098903495852	-0.03881225676291196	0.11204558274172159	1.0495462048710449	0.61180836451754	-0.15955945973187274	0.48422115167554997	0.6615879129770031	0.36162824860338066	0.7984414458154981	-1.2669687187001575	0.034554330164691845	-0.3177113085962431	0.5410180840137901
-0.6338665829728625	0.019826646753510594	0.12370803676262385	1.028737012556018	0.2224251805186679	-0.05841426178659148	0.47176685350616226	0.8829941802176621	0.5191269457213379	0.8694996707998214	-1.2574634963956142	-0.07344220814606975	-0.15334474930740047	0.7850876864103479
-0.6664501363311839	-0.0017958801124930974	0.2418464828539411	0.6138090082923894	0.4385915624242209	-0.4769594059815042	0.3623384090482651	1.1489834232196126	0.5973142520645145	0.7214618915481528	-1.2896350003267445	0.05916912517552312	-0.2331025953511264	0.7918434698965123
-0.8262932617531243	-0.009679779986716843	0.21370809037717772	0.6557572972204735	0.22113820394397676	-0.3638393155389617	0.4615331068122348	0.8048681599613114	0.5598806895273742	0.7308084022968994	-1.363590121162317	0.1488180133898208	-0.21363021024476328	0.5580195703323533
-0.6356379997741376	-0.20472170929552272	-0.0382417978147537	0.8975850962005494	0.20300273656380743	-0.5387734016496286	0.007884407390457395	0.9442075078083062	0.6553089700807249	0.7735370101179991	-1.3594933910970202	-0.05229153750200234	-0.07451980097186056	0.40808139921137804
1.43167391019434	1.0284799885279334	-0.24166501340219146	-0.5244467505997542	0.5415152027649628	-0.3940633498555008	0.1023722038183465	1.3649847790950715	-0.5142207458515702	-0.557650373873631	-0.021542122405258053	1.4768963438493574	-1.0183467990944417	1.4359529738756684
1.1768501289560664	1.0817315241742738	0.6820298245656293	-0.3289417864158652	-0.4273675605888004	0.8960121974434905	-0.6634438272876751	1.0385541489224892	-0.41536704843304983	-0.9932156232513804	-0.1962074740156133	-0.2870841312775448	-0.961401220516409	1.4884105832406478
0.39537437145401993	1.3282744683131353	0.4775674484608837	0.08336836097700764	-0.03565397597055796	-1.3040857013850522	0.12227768243083323	0.6173482060399555	0.06406639937533153	-0.5454830112837423	-0.6577948947838212	1.084441769047429	0.6534726966897345	-0.45499090050527347
1.0140803467908555	0.2615835065075111	-0.849680847238773	-0.8820308042520637	-0.4092693125203557	-0.633420676518933	0.18971067341690503	0.8458055697219382	-0.3734546089552484	-0.48055347666592996	-0.6601133651928203	0.8396276011423258	0.5587437570265761	-0.013217487557682452
1.2345685686642678	1.176997201273815	0.14388483413900882	-0.5146791156644126	-0.5380481620380423	-0.7168308166875529	0.5275348497233735	0.9245215667209847	-0.26215941629758027	-0.11747118487632495	-0.21430400935812655	1.4178050153429378	-0.4638182644477921	-0.675895227288891
-0.26063696823857646	-0.3197225781097597	-2.188171495140749	0.08410459333614966	-0.9554445095629805	-1.006717768426788	1.1104555927982522	0.24800331073562976	0.7221809501965814	0.7994236524858319	-1.9803985805570634	0.29218330139887577	1.1877767508464774	-0.6852419544334648
-0.469037524827486	-0.7258059282942216	-0.3395862058894942	-0.10634211252281688	-0.2865318808081628	-1.156020456660122	0.10885517656402162	0.7658701870746182	-0.173939680018338	0.7014173671125904	-1.7220957839162325	0.6774950087639227	0.13547058081572633	-0.5338201597022741
-0.37178068688690613	-1.2844444697056492	-1.3112422638592653	-0.3508024832782602	-1.51170226314885	-0.5124714290684405	0.5785661215923715	0.5361883956307937	0.19520784363103957	-0.2179118755303119	-1.6207257263190125	-1.5316939380096692	0.6276748393148842	1.4772238248918566
-1.2276970622538763	0.03408744994483727	0.7054735089485441	-1.2725958518251075	0.9378948764862608	-2.2824929491845984	-0.579581071541948	-0.8262224434152916	0.8020832211955105	-0.7215845266415227	-0.047618533136756874	-0.8577146264791865	0.044645582115406625	1.1256171021573194
-1.0829118712728287	0.057342782502401476	1.7334879608089693	0.3517744960627156	0.19948840761782086	-1.286449104512912	0.03266315108783472	0.4819123122837575	0.032690972053548276	0.9499317126451069	-0.8991978519166843	1.1648643603392208	-0.4974597451653887	-0.3463493501248182
-0.1384979232566321	-0.8254698449834648	0.4219971590309187	1.0409450390990649	0.09119958470693422	-1.0172895546460394	0.2489646687332486	0.8046224770302995	0.46094197194221953	1.1221926834279121	-0.7277792604699843	-0.17086129389288374	-0.18246555746594306	0.2683651821457525
-0.528168435126899	-0.5834479120561982	0.26783248629466716	0.019235152231106906	1.0827768453983513	-1.2026983077301394	-0.12390090115339411	1.350330267344896	0.008875237742115199	0.899253721291557	-0.8798499153517978	-0.09161087382777092	-0.2827863923366054	-0.017053618887587656
2.816940781348958	0.29113862735417834	1.855829400029591	1.2895724039799807	-0.5233048085225092	-1.2321048705346036	1.5157943371238018	-3.0980458698440168	1.3911503795020141	-0.6870544443863846	-0.5978519537082003	-0.5493034180161259	3.234132633338687	-2.0355035831132233
2.7801931732709897	-0.9146399166835627	-0.268079385929167	-1.3383414515598773	-0.420826178787457	0.01933866849616922	0.025541392649107004	-0.4422321796568607	-1.297767961672358	0.6001256142366209	0.18516215183788606	0.010380103311594191	1.3080000360341983	-1.3472144638671046
2.4178856061786553	-0.6468596192139592	0.13345980854186318	-1.7056226018253442	0.2276771872903395	0.18584427557919425	-0.4136319537518368	-0.01433281046859572	-1.604433832161938	1.0978653868432346	0.2738396729560561	-0.20033331521145267	0.5893078915059247	-1.5597802395883125
1.9831081188947903	-1.0844852320237812	-0.20380034360080643	-1.9595539851042953	0.1995767509643014	0.006704869354935615	-0.17364606702789787	0.012555659414661734	-0.821565402618287	0.559475275992742	-0.3633784936988211	-0.3374588300701897	1.6780637707872343	-1.1443854622989638
1.612230885994816	-1.3083503936412324	0.2269055364470001	-2.3479439692282202	-0.10565716565327625	-0.17793386643676898	0.026145320607929335	-0.12197167076035877	-0.7891366633721738	0.407686855858489	-0.06753743421771084	-0.37465117309351903	1.7362706416889016	-1.0113990360699687
0.9294697319068679	0.3131101276158775	1.4239037366599048	-1.649680143768661	0.32942336155294694	-0.9852494772820303	-0.6373469406978348	0.48177109057541295	-1.6500405303104428	0.8943835034563551	-0.5428096157516181	0.09197905220155125	-0.4364183895202135	-2.7352709927831484
1.0394705589234772	-0.534621209738802	-0.3987933934960931	0.17061202137254441	-0.429347199274989	-0.29436586569508255	0.32874012314011947	0.7377988227346731	-0.4559200778856825	0.44610519940608107	-1.4595476756793044	-0.10604814402518996	-0.0663101219221603	-0.32507065228889953
0.6049464190946873	-0.2522636080055181	0.33314456676669457	0.129801878442718	-0.045632321572382145	-0.6045710538480024	0.238323754380389	0.40354469349465333	-0.8276815284624469	0.1875791511973146	-1.4784026275416868	0.10573168568250443	-0.028983881180932165	-0.8436896318397938
0.590786240141716	-0.3769482598074746	0.26890604634851867	0.23952412271306225	0.04443027303262191	-0.751211197110702	0.38416004700572315	0.3756046267522044	-0.9496960832696905	0.19919710699009288	-1.4765999699615024	0.37793229119332616	-0.04048939879363475	-0.6755603430020222
0.5986390435060237	-1.3699154116261973	-0.24085039962911886	0.0026697321998746773	-1.089036592231618	-0.4217516508952151	0.04156284529117841	0.5990065627092619	-0.8903480120327484	0.27147473119882265	-1.88474391250618	-0.09343030987007053	-0.04909605493708327	0.21485143996561665
0.46881938630765335	-0.1919544012570456	0.7123412793812578	0.18099336336357497	0.07499253988477074	-1.356186430599115	0.4138010434340883	0.24232876533216455	-1.011739756106802	0.05101075410423453	-1.444183494694056	0.5871764005975079	0.23488860937720507	-0.8191266446506976
0.8054036081791878	-0.7506690283576578	-0.08829037992971756	0.23372923686324937	-0.1584798958973696	-0.9697845035296345	0.5702760420566693	0.2646940526594182	-1.0477130062669824	0.31524446826882424	-1.5563042534755995	0.06424514072553943	0.18073388273381474	-0.3509849201880256
0.9181676541700469	-0.9490533988301093	0.0016938763065350798	0.129929552738368	-0.12750894317906963	-0.8938241353664764	0.004809287107903277	0.2802115817229446	-0.7449399718883054	0.38678137431241494	-1.4695763068708183	0.08854113700671026	0.353724215021311	-0.735081401598001
1.763020897216844	-2.5234234741849173	3.4157386486548287	-1.3572712982252746	-1.5795881906497162	-0.7679522729389983	0.520313353570558	-1.5434446078718256	-0.23110500309281476	-0.9191218531038857	0.43703189891902017	-0.10421418876626957	-1.207438715392457	-0.4483904050410979
1.6350353546534153	-2.1388911229245475	0.019714867607362026	-1.3802023499792409	-0.48089665355625877	-0.18960985052662463	-0.14809221791087382	-1.8694176429410334	-0.8042539625718366	-0.7459585893425263	0.31207640857731905	-0.5923599385728405	-0.45969048437174986	-1.1698972940807988
1.8146786214650954	-1.4763001784970398	-0.7628413249848808	-1.2802828655746923	-0.5346750880023236	-0.40648459527658815	0.1358088485494739	-1.7806870609095042	-1.3239321101651988	-0.6602698226037897	0.3230757727315192	0.04993917248381228	-0.3011230326087915	-1.1088678209327962
1.933299915091933	-1.2969553949094756	-0.6213402194478939	-1.0892705669904437	-0.38177680161184	-0.6084869336068177	0.01669730987872931	-1.8153292733352953	-1.234584645122829	-0.6735341962630322	0.3450722565340498	0.2536988730686016	-0.10385854060860622	-1.282012959704669
1.9024803189467732	-0.6147758048532542	-1.040867605001297	-1.8141783490915115	-0.15533709863262882	0.19944456028223925	-0.006170722551877133	-1.1494057644680973	-2.220682799733709	-0.17890603298501673	0.5451813129922182	0.575346410452738	0.10725976413104478	-1.3553713124866626
-0.4360479701131944	0.39934753501723547	-1.697516459814004	1.4477961333170517	0.12155699362556217	0.48566439542786116	-1.7441851160169393	-1.1201477627282797	0.2739274091112236	-0.22289229908033772	0.7355315188351768	0.9328255865885524	0.43367422470939004	-1.3614136466798596
-0.0035495757586495444	-0.18043226175302152	-2.9932164032276485	0.7564242344689207	0.1761859269670759	0.07357014191127442	-0.3915012615962547	-0.3918274386273934	-1.2644002786188886	-0.8340018928114369	1.0052764807928944	0.8239047257529944	0.3470563305358974	0.9951673370063442
0.2743984742035851	0.021886013775144986	-1.0813046030211884	0.7683953263985597	0.16755764944521406	-0.5429282912621889	-0.2610049245041492	-0.4331743821876658	-1.3948660911369168	-1.2044738626013944	0.7943531349782058	0.8260231349192196	0.12948817331044243	0.7542634386397454
0.6388035383254215	0.06269421480854898	-1.028083494636662	0.7878004318965104	0.079026658646012	-1.2796800621282618	-0.13942566550053828	-0.13642007650624877	-1.7169322163252552	-0.8494269790466319	0.4898344230095907	0.25933480811528553	-0.03150156625072712	0.6044104920106718
0.7969273298575663	0.052880253885127494	-0.7861012571319751	0.8287543187831907	0.055620878233776254	-1.040322807178348	0.05701123441730317	0.039999291407450795	-1.742716567786554	-0.8121631132501854	0.3736084012663177	0.35360594972297293	0.10453319195340831	0.346864501892522
0.8452138036926925	-0.0646826564289988	-0.6384141810215118	0.7581190706268782	-0.022982536085846814	-1.0234789295301607	0.1592323408478042	0.09728280098857667	-1.8420611355501013	-0.8254158429618325	0.18678215242353005	0.2744181079814678	0.16904734631666846	0.5038577155906393
0.8871163106924979	0.032159745542423845	-0.38101376757966365	0.7026044396354963	0.061314123084363285	-1.1728559576441833	0.07254940202587193	0.3046026430519853	-1.7244586148109289	-0.5500918698818573	0.0953128640093491	0.27301201671634584	0.06186085895375263	0.1535252531113527
1.2285689548335126	0.10108562722553725	-0.035100379244734456	0.152521016756145	2.571829906878497	-3.304645877554992	0.6289560211992113	-2.4144947431913963	1.5751721557260174	-1.8238309505393326	0.4683426326105554	-1.8997632839038392	1.4629269615151197	-2.4825907622277956
1.375767838942258	-3.1133625271258056	-1.841501505489776	-1.7590342779302712	0.029998992378029325	0.25623301845145635	-0.06026383338680963	-1.5313627303526378	-1.15470586792628	-0.5482511384118078	0.5169782440301007	0.6864067073383258	0.12802065442191488	-1.335803610486861
1.6165546191108486	-2.2351204301603964	-0.8911468233204203	-1.4963131558975342	0.1088698010651959	-0.09151959826258066	-0.12304470229210118	-1.9188777253762652	-1.2623719475220094	-0.6299013869903825	0.5301849930366348	0.09732816455454128	-0.05612342901007349	-1.5077116225056388
1.6507772928394138	-1.8802388824640532	-0.9947065152571892	-1.5796076757382105	0.022299463090233347	-0.20133987893549224	0.15744313668484078	-1.8120264668099548	-1.3066222178511622	-0.5169104148189609	0.6275813204438395	0.04241913120739856	-0.16079789659419597	-1.7221135520792636
1.4405564647594964	-0.8649689859957692	-2.2544961573682567	-1.472056156219844	0.24496948121895915	1.1753621141555408	0.5178121096126568	-0.39716518418298064	-1.9315352151254994	-0.7680275501250409	0.4507845535029305	0.8323540615248071	-0.07431980510151255	-0.7571592848288214
-0.4997829282508875	2.3035641903960755	-0.29595340493681926	-1.22269769284869	1.8177599404597575	-1.8763380992101293	-1.3208168022050135	-0.03286880142717757	-2.4363521684782525	-0.5182062146910571	1.9354616582145545	-6.921778588714478	-3.514455087982731	-2.926311054627775
0.26804479850444407	-1.4126797997155847	-2.186518504956467	-0.6496184780547994	2.6125334047419426	1.2472324951550042	-1.5705365572943197	-0.8447955648087437	1.016231245485413	-1.065932458462273	-1.526386500607312	-4.708975364866913	0.15212697857431323	2.767559822406059
-1.463273908059217	0.9185982416914139	1.6545316719506733	-1.3492851221639395	0.587515646605263	-1.1003982641461618	-1.1111774625070134	-1.2190841378220783	0.27783603982343624	-0.7771900374747501	-0.5547163193721206	-0.0013880180175029296	-0.4894694788096348	0.8498153429320446
-0.8930819842587647	0.2066745229097183	0.40397718955439	1.7328072796995333	-0.48110838865232924	0.8774239137368558	0.5634098707562342	-1.34973565069996	-0.3336488312037676	0.6777936838735715	-0.3783424891856015	1.9941760372572253	0.35345140539512815	-0.018131270023257703
-0.5496374208205048	-0.5690637872473896	0.07579348636237782	1.8870395279220717	0.12117066387572553	0.12745484288118142	-0.13130152824643856	0.23577448811240329	-0.8011616040570974	0.7008575648865524	-0.30820557133264487	-0.22966154257503835	-0.5505891699344481	0.49321278114740985
-0.24810097251990781	-0.5302359082883263	0.39866255537912393	1.7224649551759155	0.5040921442836748	-0.3079505421902295	-0.08391612249764308	0.3973226753856133	-0.4054163311111749	0.9127277834569654	-0.14363894412750938	-0.29569888909374925	-0.4788239266697457	0.4125565861561731
0.06892708218176395	-0.677261695481954	0.33139264675850555	1.496148678025248	0.3997710942558674	-0.6093357867826145	0.24562762965073087	0.7137596342380241	0.10347599025281573	1.4115683437322004	0.08325170600486967	-0.6836934742191774	-0.4540712034694598	0.42208056337111366
0.6414614593840765	-1.3498091647394603	-0.20802711644285557	1.6092151755122834	0.4941714772948419	-0.8401736323960551	-0.40164067160776135	0.9676695395323157	0.7208865493791952	1.5635497114913641	-0.13564514925208568	-1.0953982525883135	0.15093373123236423	0.22802324632555984
2.775637800327825	-0.44335564693196605	0.5007736934744222	-1.7168769599697025	0.6577936361538502	0.5057074288914678	-1.7109894833503612	0.592634337003724	-0.6162396840967893	-0.22499566075961977	0.1432027716040045	1.3729242801775348	-1.0728794751037916	-0.01568941425578381
2.1863066848019437	-0.13809433973131013	0.14380023970383596	-1.073979170600246	-0.14517370151644526	0.6155178753398882	0.05005460383923889	0.10092345529141478	-1.1724766767685788	-0.3309972585999569	0.04689582454269475	0.018029871077395614	0.1515339401813404	-1.32914911873025
2.04665193496954	-0.2198832588956957	0.18830346036856607	-1.2077227882376256	-0.5449945666911244	0.8540503823174013	-0.1506784491741368	0.09864621628067734	-1.1702892616750689	-0.27254810074938907	-0.3692597933414851	-0.4683590847138611	0.06943692112914954	-1.3229146468463577
0.8592185578676634	-0.1170179284816155	-0.4895997131629643	-1.8763619850674897	0.15183835489053793	-0.08684442596676564	0.6949192257987883	0.12125464035189427	-0.9558663730629796	-0.7346128402253882	-0.5811554294917768	-0.05294370618265046	1.2000759641739207	-0.9290304789821784
0.8973733120516039	0.3840318167370109	0.4475731761021153	-1.546785335207246	-0.10156437592757377	0.40773696694277883	0.020005930725939897	-0.008248023576623725	-1.0854223491826278	-0.817120413724567	-0.2587955820924999	0.36371035159757614	0.8737654131454367	-1.3373046235349568
-0.17259317654201695	-0.029465832614480613	0.2500372263827368	1.1603412958440453	-1.9267348288258634	1.1599714028960655	0.6338442275446367	0.49518443370839355	-0.36704533919937316	1.0180195918734298	-0.18436555542081523	0.737810700252132	-1.2351511179869974	0.43880217955153905
-0.17123364474708877	0.4971885421868503	1.3641735911111637	1.2796610445143306	0.5658679662413987	0.36017086547698635	0.1722055841812254	-0.0010454292966476058	-0.3199177893451421	0.0008906111812123773	-0.4655995617949429	-0.20288865119066832	0.5831851315958251	0.3364330058509119
0.030594028579520316	-0.06850411305073836	0.5646278509248326	0.8040569729453365	-0.01606968738897891	-0.05182382733975515	-0.37292875768755374	0.7238838110782849	-0.6491826416415108	0.02992076573749627	-0.27473610120747455	-1.0804090336299432	0.5813523693799444	0.8807632610655256
0.2748310484519098	0.10030869576420881	1.2427387996234975	0.3253174483977369	0.2608446845874932	-1.271071845974433	-0.25593524743602997	1.1825939619429338	-0.23188784202811816	0.09324406519952513	0.0517717805615044	-0.66725593751666	1.0483978025405953	0.8614461374054673
0.2704663149493751	-0.16578496380707863	0.8305060012121939	0.12943004196193256	0.12663454338485192	-1.1729671396572052	-0.13875133740415507	1.5274357292464558	0.012330156081854386	0.20787215465118228	0.02150926337628345	-0.7627267118856513	1.284594089503207	0.7619961046037821
0.3320498094889148	-0.242834084690969	0.6933603149625486	-0.04681085134374952	0.061386660178610955	-1.2371724580419652	0.10164340891102631	1.4890174447487268	-0.03353906939262679	0.0640490644076441	-0.02776521608221058	-0.5043652739459561	1.3624507421839729	0.911049724371047
0.10963972618912617	-0.18746706828210466	0.7633189995497852	-0.015303538715744453	0.05498580085817424	-0.9309875245998236	0.1402854293748234	1.3671136336109515	-0.2661675682669498	-0.0613778264453304	-0.13448568555027987	-0.6333789514933783	1.2155942722977378	0.798683271604805
0.9985067949690278	2.390946267017724	2.1931450429077146	1.407797633019493	1.7090967540151478	-1.4108218679350362	1.7212782320391182	-2.0219449206497018	1.841642010540228	-1.6609477645850543	1.1472180887845032	-0.43563961265504714	3.1833639615330087	-2.163783287998745
1.2414022852738984	-1.0689121192604625	-1.827884217814994	-1.2905583217306715	-5.073600139226639	3.1235333106263368	-0.46836819942690056	1.5547019872146424	-0.22622921984893593	-0.34956120866636503	0.7057047746667804	0.9309252041623611	0.35567637802003493	2.043902031281831
-0.6739599506291736	0.1419130235088667	0.4981986324608111	-1.5792764412618308	-1.2186142064473227	0.8251246891695592	-0.5067367206943835	0.8695625106516225	0.5323127636706656	-1.487113576169541	0.8520384360922442	0.301881834798053	0.8120804913450752	0.11570937842937536
-0.7722951039955147	0.2348481939096708	0.41441718220014284	-1.397189844958643	-0.6062668023545404	-0.211675764271476	-0.7732822825429523	0.743357825023968	0.6813214361934873	-1.2597691275247875	0.23542984564547895	0.6080905955343054	0.6933583054677582	-0.8698604878780289
-0.6574918655848082	0.27389221997006424	-0.12270837008217604	-1.3638084879225878	-0.35487901579137276	-0.33938302308839396	-0.07429552477544282	1.1669550821649362	0.3983383736106402	-0.8108321289842987	0.10398688971017002	0.7965325714520609	0.5625818636948079	-0.8899812814006773
-0.9311704049410612	1.3708763901973606	1.1352419519977017	0.11218144930992736	1.2052811369904841	-1.0369075621399861	-0.08698795905594683	1.174909795759556	-0.2583866912005634	-0.22574035424311598	-0.05990083742462934	-1.4021761196885194	-0.7423379372168681	-2.1283177653358214
-0.36851240000146296	-0.3325626706354776	-1.6295706419398768	-0.23371170480850262	1.0173198737727158	0.05532234455236168	0.020565402977718705	1.1421557587063365	0.2444441716707181	-0.8556373200592888	-1.116127715269734	-0.43368874820177633	1.2014712829580378	1.6717361742222259
-0.8026406636718048	0.1969977338077341	0.5947649558988549	0.13494947402179994	-0.2926907059057498	-0.6416849624087864	-0.02305897025547674	0.8871688746342962	-0.2832548157491624	-0.7105001405962381	-1.1349870929112889	0.19744634794824942	0.5188219326701626	0.26447544942551326
-0.7697208712175712	-0.3555356699260344	0.5210059670890488	0.15969126825026622	0.035543840422675485	-1.2034540883415585	0.045052992400112284	1.1005727894308996	-0.596853228563006	-0.6340540968903547	-0.9283159125458665	-0.1473857452482602	0.6506580733897077	0.6923613947409939
-0.8056049638518843	-0.5664891834290833	0.4229577557516611	0.29562993481336214	-0.1116006862842075	-1.1173104078345988	-0.11644852310903074	1.1651682400516035	-0.40252598090989056	-0.45291964293779136	-0.9695346932562029	-0.2327982245796858	0.651544440079025	0.5849961184226763
-0.6218062606952913	-0.49150894954517144	0.50057541399832	0.27219581051391645	-0.08164918614870764	-1.3543117531876971	-0.10921251403444782	1.3300818725870558	-0.10251986849770335	-0.16784042240269387	-0.8903341887526802	-0.27114949681326317	0.6794254811657394	0.3602044734121484
-0.42857771661821514	-0.7777837241815799	0.4985617739704297	0.3462496040607207	-0.19560662765264047	-1.4969106430465182	0.01151752675251152	1.435477605593687	0.10496955019243025	0.14933206495959156	-0.8885715339756673	-0.42790108891922773	0.7312764098562357	0.2090559090896241
-0.299208758971974	-1.0866773659476994	-0.0797096153138504	0.3303684444743988	0.20150998607514792	-1.9412825892563155	-1.1776712071298467	1.8678672259757114	0.36351456235938834	0.29557179603308054	-0.49650352081661736	-2.105995248536679	0.6752650493562503	-0.2797716762956977
-0.7444644151900911	-1.8055742584889816	0.8052146151697795	-1.645163552323446	2.384249489027722	1.6898021160268706	-3.4338730287672514	1.728386559648015	1.1592608234627204	-1.4021464215298585	1.3470312387782621	0.8268610021864762	-0.3453231078256621	0.3245630730420609
-1.1177389712998764	-1.0940648072312495	-0.29145085013898947	-1.2360555712082357	0.13021794855631275	1.255536658469418	-0.2449958150666325	0.6704012960542617	1.3122577639927162	-1.3398509105298966	1.309180741865141	-0.020372466820413073	0.412971316394465	-0.10220567183442135
-1.2904306210116072	-0.7575031983438525	0.7284586001695035	-1.1226301919660109	-0.44599168509180986	0.33134703234721136	-0.2855483825845279	0.33417796196595767	1.1217157819193742	-1.4715486200861263	1.2220743570435377	0.3021996110582932	0.1253002849691258	-0.0064105871576655305
-1.2592675896171999	-0.44710231115346705	0.5727107436648039	-1.1502524159083614	-0.4998474493295715	0.06431919829357728	-0.1615230161570724	0.36525892205246585	0.8971499661761054	-1.4515150508150756	0.9914507611526874	0.5359622791592099	0.5264345084874458	0.12900957955415782
-1.3038424556395163	-0.3342838877927705	0.7524345241965524	-1.1834495199092556	-0.3281272499286915	-0.07250320473407415	-0.14867458489674024	0.35859000636096705	0.6072950479149081	-1.6019237626791827	0.849033115690556	0.832054476280805	0.6942110922398478	-0.14901582409228986
0.3504997297215275	-0.16529169205103264	-1.2524768255714318	0.31228960557359176	-2.6495857820711515	0.6402617068168954	0.7421966712902278	0.8895708189196645	-0.3193702354251924	-0.5971345551722334	-0.544728714146779	-0.37787420255512	1.0574427463611213	1.2725534648966945
-1.0760128093600838	0.5164312926623664	2.1647421911310687	-0.4215733750620531	-0.6224594467956539	-1.5527127235498195	-0.41775075328123656	0.3271397056041997	-0.8887379393527871	-1.0097398749560298	0.07334192775381	0.9953325434591744	0.9100859625226543	-0.005136299145927519
-0.011335894607052279	0.16707371725016212	0.4868006652863888	0.22957431667080655	-0.13437030629622349	-0.8101399209425305	-0.17885542279758856	0.787079498739123	-1.4928540246187505	-0.8515617674861831	-0.1910540552159578	-0.08343800797926215	0.673429992604865	0.3688007321341169
-0.2266520972103849	-0.08264682544018731	0.4195005908396943	0.2733661307631289	-0.07225950964149956	-1.2790392855842765	-0.21774995281640397	0.924796086640719	-1.3516729688905056	-0.6784845929116097	-0.12100732460709514	-0.10353118151696591	0.9278052478978931	0.5330120315718994
-0.16470871016583624	-0.2996056315168554	0.23596330340630467	0.22018753702355068	-0.37129992219292624	-1.1766121455533953	-0.1605399210219834	1.130465361211997	-1.0258867056422178	-0.5492972815265682	-0.11961803056508072	-0.21551678249258643	1.1204160397814278	0.4125388350577459
-0.4976766616242688	0.4263860513744867	0.5334633169828962	0.2535027324702492	0.07521200241523907	-0.9630106088846324	-0.3539451033629568	1.0879705921801712	-1.4214019417556556	-0.6781924955964689	0.2444717108895155	-0.6083453296419634	1.0219819044823293	0.45446002623735027
-1.1516998817973445	0.43711932444232005	-0.15045058319713994	0.7076413637591316	-0.14237349150238468	0.1785193893054579	0.4569431544469043	-0.893889721922354	0.514269715136678	-1.1325207060416678	-0.24553011743285277	-1.5354391627549266	2.8901496866309606	0.7024250235706763
-0.4459294268846043	1.4978682800739618	2.0106918417117794	-0.09026572682533418	1.413469606625928	2.0131399034826503	7.064804693435754	-1.3828170220533036	0.8254866822343431	-2.32103899568484	1.4292915957021997	-0.6231076831574118	2.4821235300185194	-0.3781157887590554
-0.7609645279339218	-0.46492874976842335	0.7997677315541377	0.0634048310425703	-0.40323501938243145	2.54715215213957	1.5937772780734811	0.744691761267674	0.30283847855731144	-1.6218137163076582	1.3551948814548629	-0.9393019372029121	0.5534383141699222	-0.5640207438988114
-0.9480122391405168	-0.9369034155944045	0.3008691948269654	-0.32005749105617964	-0.783389253659808	2.143234895307892	0.554440564676334	1.1214988913334714	0.970627057738204	-1.5398015843472193	1.1661224530503014	-0.5172535683721285	0.36994942352118393	-0.7237934249924837
-1.1243133704606625	-0.5419708894224737	0.8712260433964689	-0.19245615062922128	-0.5300348147627106	1.7000094297385584	0.9567306819430921	0.47731116514169675	1.471553932970803	-1.5385844801718305	1.2778800120380749	-0.17927476573522458	0.8927844263068095	-1.2248486184629306
-1.1725848602208644	-1.2585691939437007	-0.14791857813828135	-0.5320470222741143	-0.8791874393052074	1.2261099342795858	0.37662801141446817	0.8613059958279465	1.0386577083548314	-1.523637032483515	1.0056988932477369	-0.5101208794650302	0.4058792062822953	-1.1066558846803305
-1.5843506408431396	2.5557159463344883	3.600273100012061	-0.11223810262817724	0.8612887441324202	-2.9721978094557753	-2.1078766919505814	-0.2980943681449524	-1.0312118922756044	-1.4841412008863004	1.9040216953245028	-2.380278767318567	-0.7366390904953637	-2.818568102695177
0.6238492994005513	0.5068989199174653	-2.763192144141697	0.7227096175927558	1.7966559386045011	1.2709181063689479	-0.6577807769550765	0.6899916217765288	-1.2812293959010441	-1.2763822358949244	0.650603621019555	0.8426422429997064	0.9100478113901328	1.3516621652081113
0.6603294279647799	0.6429679508386258	-0.8235904883648818	0.9902299005911314	-0.12117237983292369	-0.39568524931621546	-0.34313381997073555	0.14178763468362396	-1.196301909993608	-1.1358903617188831	1.3084361177237813	0.5259886341166858	-0.3525794775078152	0.5415880300472298
0.5619464849101746	0.49857558281900044	-0.7138863816360442	1.1485853804858315	0.2756743947396823	-0.3167087266444722	-0.2890806338017401	0.29346137367672387	-1.3850160291022027	-1.129667170920112	1.1271759941102533	0.21229885428133827	0.11062552481410726	0.7007289844648685
0.6669442722081761	0.5736689012027311	-0.5470678079113587	1.1441467679138089	0.05493338446694477	-0.4135432617654852	-0.2177708838037298	0.42613983950311307	-1.3940271302328797	-1.0181153608735158	1.0735233305167637	0.08660206013321506	0.03953549330653348	0.5735564025858331
0.7886286329817613	0.6479821810603122	-0.49336637794165994	1.1336581486020838	0.03814466394405584	-0.44991181162649396	-0.3056711064040009	0.5710981182136085	-1.177397703721139	-0.8403485009844028	1.0438492684486878	0.14866233055954908	0.06366251506073019	0.6182495512668337
0.8001944255775568	0.5047737891651732	-0.48417744486436753	1.1514713511816332	-0.04051621067149897	-0.4015631060565392	-0.14920725570474166	0.6129679085910057	-1.1415749672652469	-0.7489783876749999	0.9939393717911451	0.023692908939356053	0.2264716039843283	0.6627350182748679
0.9070703171128786	0.6355655857767665	-0.9077606817364675	1.1988471693601883	0.05188892341207272	-0.586679337572803	-1.266183342145301	0.9120170031920676	-0.8473718589057084	-0.5247577444756092	1.1033031091792613	-0.9391546864582831	0.27932539021434666	-0.0443172583021332
0.15830444192878457	-2.6752592409788103	1.1426135581803956	-0.7440502110671958	1.1325678552068719	3.773885088588748	-5.504715740700022	2.7143358401256807	0.8736542612511095	-1.8971792845485436	1.6517488386682002	-2.519639713905945	-1.001106498348823	-0.342690139130615
-0.6546701121104492	-1.4762128286572649	2.0366165103624594	-0.41502135763871206	-0.8457095150974056	1.651100183909897	-0.26392879683685516	0.8708366569207766	1.001071337174731	-1.7282073388421113	1.2374651950119735	-1.0595250125905302	-0.1215678770330073	-1.4644847691220584
-0.6382249584060855	-1.261885959283605	0.08892369840796081	-0.6140770079843109	-0.773545348106453	1.3252156106294963	0.7040132415506346	0.6427540859604003	1.266416886173817	-1.5472221297983073	1.1971826903924798	-0.21286208759351416	0.18709015869264578	-1.495755841762943
-0.6872425739413709	-1.3485726138335519	0.43964421203005105	-0.4670607450490995	-1.0518545814374753	0.9773150637604555	0.3982131654911659	0.520711953856997	1.365244693736839	-1.4480552486209393	1.1888264967787066	-0.5054326160167388	0.19879880377453318	-1.503190838290162
-0.7152204118218424	-1.5573236806727415	0.5803775156337689	-0.8170312460889555	-0.8905620810397549	0.588837838053552	0.4925783531797195	0.44191992933069907	0.9252621632660073	-1.4838630515692992	0.9992795861881798	-0.1232365106507275	0.0938130568378329	-1.7531886012752989
-1.0239019369495088	-2.4311458333780793	-3.336979823380407	-1.0373678097679047	-2.3196420347361526	-0.15025331717709448	1.2551417835054366	-0.06325931889719655	0.7839073888520418	-1.1806019465198185	0.004155409290450954	0.25966677151638606	0.9769793690966132	0.3282502704425424
-1.4669891262379156	-0.6004787069940235	2.7514552780298605	-1.361442682295816	-2.089190771048223	-1.6421255091797875	-0.39762119558635517	-1.6036167730767685	-0.563023333778377	-1.3017491172359759	0.3787226905796651	1.6915742535560536	-0.01441116565428403	-0.38888703557721954
0.33197774791284584	0.33967711586222066	0.9224712597369946	0.24225457944993295	-0.5823260323551745	-0.6886166070340995	1.5556967225011353	-0.667430193131883	-1.881653099378038	-1.1161817226786397	0.025235927439640756	0.5798548138318017	1.4237093669786547	-0.5454788672353822
0.2898861109984459	-0.4537514430878639	-0.0070505537908278	0.3233956018291647	-0.5086600634038342	-0.7470359688961924	0.49058670531511595	-0.1382111346539584	-2.3169080068733483	-1.1751830353593393	0.3787545369692785	0.16935887138990816	0.7267486352939787	0.03828914532371197
0.39481688025304684	-0.24691953894075752	-0.0040629869118879065	0.2687416890969887	-0.4966007207059043	-1.2994048218421341	0.13308879568911838	0.19376682769606335	-1.8801538794809376	-0.8217667192702075	0.5669561566785984	0.6599492462779236	0.9681569243245152	-0.22671552965479794
0.8266069060795344	-0.28332087529733396	-0.34853819920177564	0.24509301075619166	-0.5431455203223834	-1.7213813641521576	-0.054550674065609726	0.9826245738273537	-1.118367353870481	-0.16054033391216274	0.5426328588671341	-0.14018052258983682	1.1266304794918443	0.15568917165228585
